Date,strflow,SC,Temp,pH
2/7/2008,11.5,,,
2/8/2008,12.6,,,
2/9/2008,13.6,,,
2/10/2008,15.1,,,
2/11/2008,16.7,,,
2/12/2008,18.9,,,
2/13/2008,21.2,,,
2/14/2008,20.5,,,
2/15/2008,17.3,,,
2/16/2008,16.1,,,
2/17/2008,15.9,,,
2/18/2008,16.7,,,
2/19/2008,17.2,,,
2/20/2008,20.1,,,
2/21/2008,19.7,,,
2/22/2008,50.2,,,
2/23/2008,34,,,
2/24/2008,81.7,,,
2/25/2008,56.8,,,
2/26/2008,46.4,,,
2/27/2008,41.4,,,
2/28/2008,40.8,,,
2/29/2008,42.9,,,
3/1/2008,43.5,,,
3/2/2008,38.1,,,
3/3/2008,34,,,
3/4/2008,32.3,,,
3/5/2008,32,,,
3/6/2008,31,,,
3/7/2008,30.6,47.5,5.05,7.55
3/8/2008,30,47.5,5.55,7.55
3/9/2008,30.6,47.5,5.75,7.55
3/10/2008,31.1,46.5,5.9,7.6
3/11/2008,32.8,45.5,6.55,7.55
3/12/2008,37.3,45,6.45,7.5
3/13/2008,38.6,44,6.75,7.45
3/14/2008,41,44,6.7,7.4
3/15/2008,35,44,4.4,7.45
3/16/2008,30.6,45,2.6,7.5
3/17/2008,26.9,46.5,2.95,7.5
3/18/2008,25.3,47.5,4.6,7.5
3/19/2008,25,48.5,5.5,7.5
3/20/2008,25.6,47.5,5.95,7.5
3/21/2008,25.1,48.5,5.5,7.5
3/22/2008,25.8,47.5,5.7,7.5
3/23/2008,27.5,46.5,6.3,7.5
3/24/2008,29.6,44,6.35,7.5
3/25/2008,31.8,42.5,6.6,7.5
3/26/2008,35,42,6.8,7.4
3/27/2008,33.3,41.5,6.05,7.4
3/28/2008,30.7,42.5,4.95,7.4
3/29/2008,29.6,42.5,6.05,7.4
3/30/2008,30.3,42.5,5.8,7.4
3/31/2008,27.1,43.5,4.6,7.4
4/1/2008,26.6,44,5.45,7.4
4/2/2008,26.4,44.5,5.7,7.4
4/3/2008,25.9,45,6.15,7.4
4/4/2008,25.9,46,6.45,7.35
4/5/2008,27.2,46,6.45,7.4
4/6/2008,25.8,45.5,6.4,7.4
4/7/2008,25.4,47.5,5.9,7.3
4/8/2008,24.6,49.5,5.05,7.25
4/9/2008,23,50,4.25,7.25
4/10/2008,21.3,51.5,5.8,7.25
4/11/2008,22,51.5,7.35,7.15
4/12/2008,25.2,51,7.65,7.15
4/13/2008,28.2,49,8.15,7.2
4/14/2008,32.1,47.5,8.4,7.15
4/15/2008,34.6,45.5,7.65,7.1
4/16/2008,29.3,48.5,5.15,7.15
4/17/2008,28.2,48.5,6.8,7.25
4/18/2008,28.8,50.5,7.1,7.25
4/19/2008,28.3,58,6.55,7.15
4/20/2008,27.5,57.5,5.85,7.1
4/21/2008,25.8,56.5,4.2,7.05
4/22/2008,25,56,5.45,7.1
4/23/2008,24.8,58,6.4,7.15
4/24/2008,23.4,60,6.85,7.1
4/25/2008,23.6,59,6.7,7.05
4/26/2008,24.1,58,8.1,6.95
4/27/2008,25.8,57.5,9.15,7
4/28/2008,28.3,54.5,9.45,7.05
4/29/2008,30.1,51,9.55,7.05
4/30/2008,30,54,7.7,7.25
5/1/2008,27.9,48,5.65,7.25
5/2/2008,26.2,49,6.9,7.2
5/3/2008,25.4,50,7.6,7.25
5/4/2008,25,50.5,7.65,7.25
5/5/2008,24.5,51.5,7.75,7.25
5/6/2008,23.5,52,8.4,7.25
5/7/2008,24.8,51.5,9.55,7.25
5/8/2008,24.8,51,8.65,7.25
5/9/2008,24.7,51,8.85,7.25
5/10/2008,24.2,51,8.65,7.25
5/11/2008,24,51,9.35,7.25
5/12/2008,23.9,51,9.25,7.25
5/13/2008,22.6,52.5,8.05,7.25
5/14/2008,21.5,53.5,8.8,7.25
5/15/2008,21.1,54,10.5,7.25
5/16/2008,21.5,54,11.55,7.2
5/17/2008,21.5,54,12.15,7.2
5/18/2008,22.3,54,13.3,7.2
5/19/2008,22.4,54,13.1,7.2
5/20/2008,21.7,56,12.45,7.2
5/21/2008,21.2,57,11.1,7.2
5/22/2008,20.6,57,8.2,7.25
5/23/2008,19.9,58,6.15,7.25
5/24/2008,20.1,60,6.25,7.2
5/25/2008,19.1,63.5,6.25,7.15
5/26/2008,21.9,62.5,5.2,7.2
5/27/2008,19.5,64.5,6.2,7.25
5/28/2008,17.7,67,6.6,7.25
5/29/2008,16.7,67,7.4,7.2
5/30/2008,15.9,67.5,8.05,7.15
5/31/2008,15.1,70,9.15,7.15
6/1/2008,14.5,72,9.5,7.15
6/2/2008,14.1,74.5,9.85,7.15
6/3/2008,13.6,76,9.9,7.15
6/4/2008,13.4,78,10,7.1
6/5/2008,13.5,78.5,8.2,7.05
6/6/2008,12.8,81.5,9.6,7.05
6/7/2008,12.5,82.5,9.65,6.95
6/8/2008,12.2,83,10.25,7
6/9/2008,11.7,84.5,10.85,6.95
6/10/2008,11.4,86.5,11.75,6.95
6/11/2008,11.2,86,11.05,6.9
6/12/2008,10.9,87,10.6,7.05
6/13/2008,10.6,91,11.45,7.05
6/14/2008,10.1,95,12.25,7.05
6/15/2008,9.93,95,12.65,7.15
6/16/2008,9.69,92,12.75,7.1
6/17/2008,9.41,92,12.85,7.1
6/18/2008,9.13,93.5,12.75,7.1
6/19/2008,8.82,94.5,12.75,7.1
6/20/2008,8.47,94,12.8,7.05
6/21/2008,8.21,95,13.75,7.1
6/22/2008,7.92,96,14.05,7.1
6/23/2008,7.96,97,13.7,7.1
6/24/2008,7.8,98,12.95,7.15
6/25/2008,7.67,99.5,12.75,7.15
6/26/2008,7.51,98.5,13.15,7.15
6/27/2008,7.35,98.5,13.45,7.15
6/28/2008,6.97,101.5,13.95,7.1
6/29/2008,6.73,101.5,14.05,7
6/30/2008,6.47,102,14,7.1
7/1/2008,6.3,103,13.95,7.1
7/2/2008,6.29,102,14.5,7.05
7/3/2008,6.17,102.5,14.5,7.1
7/4/2008,6.03,104.5,14.5,7.15
7/5/2008,5.98,103.5,14.15,7.15
7/6/2008,5.82,106,14.65,7.05
7/7/2008,5.72,103,15,7.05
7/8/2008,5.31,103.5,15.25,7
7/9/2008,5.26,105.5,16.15,6.9
7/10/2008,5.12,107.5,,6.7
7/11/2008,5.01,119.5,,6.9
7/12/2008,5.11,123,15.85,6.9
7/13/2008,5.54,120,15.55,6.95
7/14/2008,5.99,120,15.3,6.95
7/15/2008,6.47,115.5,15.2,6.95
7/16/2008,9.68,81.5,,7.05
7/17/2008,11.7,72,,6.85
7/18/2008,5.98,101,,6.9
7/19/2008,5.28,103,,6.9
7/20/2008,4.9,104,,6.95
7/21/2008,5.08,106,,7.05
7/22/2008,4.62,114,,7
7/23/2008,4.46,122,14.05,7
7/24/2008,4.1,124,,6.95
7/25/2008,3.8,125,14.5,7
7/26/2008,3.73,126.5,,6.95
7/27/2008,3.72,115,,7
7/28/2008,3.76,105,,6.9
7/29/2008,3.78,112.5,,6.85
7/30/2008,3.64,101.5,,6.85
7/31/2008,3.48,106.5,,6.85
8/1/2008,3.32,120.5,,6.85
8/2/2008,3.29,109,,6.9
8/3/2008,3.22,90.5,,6.85
8/4/2008,3.17,112.5,,6.85
8/5/2008,3.22,121,,6.85
8/6/2008,3.02,111.5,,6.85
8/7/2008,2.9,113,,6.85
8/8/2008,2.77,113,,6.85
8/9/2008,2.71,120,,6.9
8/10/2008,2.69,114,,6.9
8/11/2008,2.69,118,,6.9
8/12/2008,2.59,120.5,,6.85
8/13/2008,2.52,123,,6.85
8/14/2008,2.43,128.5,,6.85
8/15/2008,2.41,137.5,,6.85
8/16/2008,2.35,144,15.25,6.8
8/17/2008,2.33,143.5,15.15,6.85
8/18/2008,2.43,140.5,14.6,6.9
8/19/2008,2.51,140.5,14.25,6.9
8/20/2008,2.67,,,6.95
8/21/2008,2.46,,,
8/22/2008,2.4,,,6.9
8/23/2008,2.26,143,,6.9
8/24/2008,2.11,145.5,,6.85
8/25/2008,1.99,149,,6.85
8/26/2008,2.01,149.5,,6.9
8/27/2008,1.98,150,,6.9
8/28/2008,1.99,153,,6.9
8/29/2008,1.92,154,,6.9
8/30/2008,1.91,153.5,,6.85
8/31/2008,1.93,154.5,,6.85
9/1/2008,2.02,157,,6.9
9/2/2008,2.1,152.5,,6.85
9/3/2008,2.02,157,,6.85
9/4/2008,1.98,158.5,,6.8
9/5/2008,1.93,158,,6.8
9/6/2008,1.92,159,,6.8
9/7/2008,1.92,160,,6.8
9/8/2008,1.96,161,,6.8
9/9/2008,2.12,161,,6.75
9/10/2008,2.21,164.5,,7
9/11/2008,2.32,154.5,15.2,7.1
9/12/2008,2.28,155.5,15.4,7.1
9/13/2008,2.28,155,15.35,7.1
9/14/2008,2.24,154,15.45,7.1
9/15/2008,2.16,157,15.4,7.1
9/16/2008,2.1,161,15.45,7.1
9/17/2008,2.16,156,15.8,7.1
9/18/2008,2.26,155,15.55,7.1
9/19/2008,2.08,155,15.25,7.1
9/20/2008,2.1,153,14.8,7.1
9/21/2008,2.33,145.5,14.15,7.15
9/22/2008,2.32,144,14.15,7.2
9/23/2008,2.12,148,13.95,7.1
9/24/2008,1.89,152.5,14.4,7.1
9/25/2008,1.87,153.5,14.85,7.15
9/26/2008,1.84,155,14.85,7.1
9/27/2008,1.81,156,14.8,7.15
9/28/2008,1.82,157,14.85,7.1
9/29/2008,1.88,160,14.6,7.1
9/30/2008,2.32,156,14.85,7.1
10/1/2008,2.3,157,14.95,7.1
10/2/2008,2.28,157.5,15.15,7.1
10/3/2008,2.47,160.5,13.65,7.1
10/4/2008,3.28,146,13.35,7.1
10/5/2008,3.04,140,12.25,7.15
10/6/2008,2.85,142.5,12.3,7.15
10/7/2008,2.51,146,13.1,7.15
10/8/2008,2.32,150.5,13.4,7.15
10/9/2008,2.26,152,13.05,7.1
10/10/2008,2.54,148.5,10.5,7.15
10/11/2008,2.73,145,8.05,7.2
10/12/2008,2.92,139.5,7.1,7.2
10/13/2008,2.92,135,7.15,7.2
10/14/2008,2.72,138,8.3,7.2
10/15/2008,2.58,140.5,9.5,7.15
10/16/2008,2.47,144.5,10.3,7.15
10/17/2008,2.51,149.5,10.6,7.15
10/18/2008,2.57,147.5,11.2,7.1
10/19/2008,2.52,150,11.1,7.15
10/20/2008,2.57,145.5,10.9,7.2
10/21/2008,2.6,144,10.6,7.2
10/22/2008,2.5,147.5,10.95,7.15
10/23/2008,2.43,149.5,10.85,7.15
10/24/2008,2.57,150.5,10.9,7.15
10/25/2008,2.6,149.5,10.95,7.15
10/26/2008,2.64,152.5,10.95,7.15
10/27/2008,2.6,157,10.9,7.15
10/28/2008,2.62,154,11.05,7.15
10/29/2008,2.68,146,11,7.2
10/30/2008,2.72,152.5,10.7,7.15
10/31/2008,3.22,146,11.7,7.15
11/1/2008,6.01,119.5,12.25,7.25
11/2/2008,8.19,103,11.5,7.3
11/3/2008,3.73,123,9.9,7.25
11/4/2008,6.22,112.5,8.8,7.3
11/5/2008,3.67,117.5,7.5,7.25
11/6/2008,3.13,124,7.1,7.25
11/7/2008,2.94,126.5,8.15,7.25
11/8/2008,2.82,127.5,8.95,7.25
11/9/2008,9.31,105.5,7.65,7.35
11/10/2008,5.42,109,6.75,7.2
11/11/2008,4.51,114,6.35,7.2
11/12/2008,4.21,116,7.2,7.2
11/13/2008,4.26,114,7.9,7.2
11/14/2008,3.85,117,8.5,7.15
11/15/2008,3.52,119,9.25,7.15
11/16/2008,3.25,123,9.25,7.15
11/17/2008,3.05,128,9.1,7.15
11/18/2008,3.04,131,9,7.15
11/19/2008,3.03,131,8.8,7.15
11/20/2008,3.03,132,8.25,7.15
11/21/2008,3.06,131.5,7.6,7.15
11/22/2008,3.04,134,7.55,7.15
11/23/2008,3.04,134,7.1,7.1
11/24/2008,3.23,136,7.65,7.05
11/25/2008,3.44,134.5,8.4,7.05
11/26/2008,6.06,112.5,8.5,7.2
11/27/2008,4.73,110.5,7.9,7.05
11/28/2008,4.25,117.5,7.6,7.05
11/29/2008,3.72,122.5,7.45,7.05
11/30/2008,3.49,126.5,7.95,7.05
12/1/2008,3.34,130,8.05,7.05
12/2/2008,3.21,131,7.6,7.05
12/3/2008,3.18,132,6.65,7.05
12/4/2008,3.08,132.5,6.2,7.05
12/5/2008,3.04,133,5.9,7.05
12/6/2008,3.04,132.5,5.7,7.05
12/7/2008,3.2,129,6.3,7.05
12/8/2008,3.36,125,5.35,7.1
12/9/2008,3.23,128.5,4.7,7.05
12/10/2008,3.17,129.5,5,7.1
12/11/2008,3.07,131,5.7,7.05
12/12/2008,3.04,130.5,6.4,7.1
12/13/2008,3.32,127,4.4,7.1
12/14/2008,3.22,129,3.15,7.15
12/15/2008,4.13,119.5,1.75,7.15
12/16/2008,4.34,116,1.55,7.15
12/17/2008,4.13,116.5,1.9,7.15
12/18/2008,3.88,119.5,2.15,7.15
12/19/2008,3.6,127,1.7,7.1
12/20/2008,3.73,119.5,1.95,7.1
12/21/2008,4.01,117,2.3,7.1
12/22/2008,23,83,1.7,7.25
12/23/2008,7.26,88,1.55,7.15
12/24/2008,5.11,104,2.25,7.1
12/25/2008,13.1,84.5,1.55,7.25
12/26/2008,7.92,92.5,1.1,7.15
12/27/2008,5.44,106.5,1.25,7.05
12/28/2008,5.5,105,1.85,7.05
12/29/2008,6.92,95.5,2.25,7.05
12/30/2008,6.69,97,2.7,7.05
12/31/2008,6.57,96.5,2.85,7.05
1/1/2009,5.83,102,2.85,7
1/2/2009,6,101,3.2,7
1/3/2009,6.18,100.5,3.65,7
1/4/2009,5.18,106.5,2.9,7
1/5/2009,4.67,110.5,2.15,7
1/6/2009,4.54,109.5,3.1,7
1/7/2009,4.78,108.5,4,7
1/8/2009,6.02,101.5,4.55,7.05
1/9/2009,6.21,98,3.3,7.05
1/10/2009,5.49,100,3.35,7.05
1/11/2009,5.39,100,3.9,7.05
1/12/2009,6,96.5,4.2,7.05
1/13/2009,6.65,93,4.55,7.05
1/14/2009,6.88,91.5,4.5,7.05
1/15/2009,6.62,91.5,4.3,7.1
1/16/2009,6.32,93,4.2,7.1
1/17/2009,5.94,95,4.05,7.1
1/18/2009,5.51,97.5,3.9,7.1
1/19/2009,5.42,98.5,3.7,7.1
1/20/2009,5.28,98.5,4.5,7.1
1/21/2009,6.96,88,6.55,7.15
1/22/2009,15.6,66.5,6.65,7.25
1/23/2009,15.7,59,6.7,7.25
1/24/2009,22.4,54,6.4,7.25
1/25/2009,23.9,57.5,3.55,7.3
1/26/2009,13.8,68.5,1.8,7.25
1/27/2009,10.8,77.5,1.45,7.25
1/28/2009,10.4,78,2.5,7.2
1/29/2009,10.3,77.5,2.95,7.2
1/30/2009,9.92,80,3.45,7.2
1/31/2009,9.86,79.5,3.7,7.2
2/1/2009,9.6,80.5,3.7,7.2
2/2/2009,9.56,80.5,4.25,7.2
2/3/2009,9.98,78.5,4.9,7.2
2/4/2009,10.4,77.5,5.75,7.2
2/5/2009,10.6,76.5,5.4,7.2
2/6/2009,15.2,68.5,4.1,7.25
2/7/2009,13.1,70,3.15,7.15
2/8/2009,12.3,75.5,3.2,7.15
2/9/2009,11.8,79,1.45,7.15
2/10/2009,11.1,80.5,1.2,7.15
2/11/2009,10.3,83.5,1.35,7.15
2/12/2009,10,83.5,0.85,7.1
2/13/2009,9.32,88,0.65,7.15
2/14/2009,9.17,91,1.2,7.1
2/15/2009,9.42,87,1.9,7.15
2/16/2009,9.93,85,1.4,7.15
2/17/2009,10.6,85,1.2,7.15
2/18/2009,10,88,2.4,7.15
2/19/2009,10.5,86,2.6,7.15
2/20/2009,10.7,85,2.8,7.15
2/21/2009,10.8,85.5,3.2,7.15
2/22/2009,17.2,72.5,3.7,7.15
2/23/2009,36.6,57,3.8,7.25
2/24/2009,28.4,60.5,4.75,7.25
2/25/2009,23.2,66.5,3.8,7.25
2/26/2009,19.4,70,4.15,7.25
2/27/2009,18.6,71.5,4.65,7.25
2/28/2009,19,70,5.1,7.25
3/1/2009,21.2,67,5.85,7.25
3/2/2009,24.1,63.5,5.8,7.25
3/3/2009,23.3,63.5,5.5,7.25
3/4/2009,24.7,63,3.65,7.25
3/5/2009,20.8,67.5,3.15,7.25
3/6/2009,18.9,70,2.8,7.25
3/7/2009,17.3,73.5,3.15,7.25
3/8/2009,16.7,73.5,3.9,7.25
3/9/2009,16.1,74,3.7,7.25
3/10/2009,14.9,77,2.95,7.25
3/11/2009,14.7,76,3.75,7.25
3/12/2009,14.3,77,4.3,7.25
3/13/2009,14.7,75,4.95,7.25
3/14/2009,15.3,73.5,5.15,7.25
3/15/2009,15.4,73,5.35,7.25
3/16/2009,15.9,71,6.05,7.25
3/17/2009,18.1,67,6.45,7.25
3/18/2009,20.1,64,7.3,7.25
3/19/2009,22.1,62.5,7.25,7.25
3/20/2009,22.5,61.5,7.15,7.25
3/21/2009,22.4,61.5,6.95,7.25
3/22/2009,31.5,58.5,3.9,7.25
3/23/2009,23.1,62.5,1.85,7.25
3/24/2009,22.6,64,3.85,7.25
3/25/2009,23.1,64.5,5.15,7.25
3/26/2009,23.7,65.5,6.15,7.25
3/27/2009,24.2,64,6.55,7.25
3/28/2009,24.7,63.5,6.95,7.25
3/29/2009,24.8,62,6.6,7.25
3/30/2009,23.1,64,5.2,7.25
3/31/2009,22,65,6,7.25
4/1/2009,21.7,64.5,6.65,7.25
4/2/2009,21.9,65,7.55,7.25
4/3/2009,21.8,64,5.75,7.25
4/4/2009,19.7,65.5,4.55,7.2
4/5/2009,18.7,66,5.65,7.2
4/6/2009,18.3,66,7.1,7.15
4/7/2009,22.6,62,8,7.15
4/8/2009,27.8,62,4.75,7.15
4/9/2009,22.9,64.5,5.45,7.25
4/10/2009,24.5,63,5.35,7.25
4/11/2009,24.9,64,4.65,7.2
4/12/2009,24.1,65,7,7.25
4/13/2009,25.4,63,7.9,7.25
4/14/2009,25.8,63,6.45,7.25
4/15/2009,23.6,65,2.95,7.25
4/16/2009,22.3,65.5,4.4,7.25
4/17/2009,21.7,67,6.3,7.25
4/18/2009,22.3,66,8.3,7.25
4/19/2009,24.6,61.5,9.65,7.25
4/20/2009,27.3,58.5,10,7.25
4/21/2009,29.2,58,10.25,7.2
4/22/2009,30.2,57,10.05,7.15
4/23/2009,31.1,55,10.25,7.15
4/24/2009,30.6,53.5,8.3,7.15
4/25/2009,28.1,54,5.95,7.15
4/26/2009,26.1,55.5,7.65,7.15
4/27/2009,25,55.5,7.9,7.15
4/28/2009,24.5,53.5,6.5,
4/29/2009,23.6,52.5,6.8,
4/30/2009,23.2,53.5,7.95,
5/1/2009,27.6,49.5,9.3,
5/2/2009,80,41.5,8.95,
5/3/2009,51.8,42.5,9.45,
5/4/2009,46.7,45,9.3,
5/5/2009,42.7,47,9.75,
5/6/2009,40.7,47.5,11.1,
5/7/2009,40.3,46,11.2,
5/8/2009,38.8,46.5,11.5,
5/9/2009,36.6,47,11.55,
5/10/2009,34.7,48,11.75,
5/11/2009,32.8,49,11.8,
5/12/2009,31,49,11,
5/13/2009,29.3,49,10.75,
5/14/2009,27.6,48,11.1,
5/15/2009,26.3,48.5,12.45,
5/16/2009,25,49.5,13.75,
5/17/2009,24,51,14.5,
5/18/2009,23.3,52,13.65,
5/19/2009,22.4,54,13.5,
5/20/2009,21.4,55.5,12.5,
5/21/2009,20.6,57.5,12.65,
5/22/2009,19.8,61,12.95,
5/23/2009,18.9,62.5,13.2,
5/24/2009,18.3,65,12.85,
5/25/2009,17.6,65,12.4,
5/26/2009,17,66,12.6,
5/27/2009,16.4,67,12.9,
5/28/2009,15.7,67.5,13.65,
5/29/2009,15.8,69,13.3,
5/30/2009,15.3,69,12.9,
5/31/2009,14.6,71,14.4,
6/1/2009,14,72,14.45,
6/2/2009,13.5,72.5,13.9,
6/3/2009,13.8,71.5,12.25,
6/4/2009,13.4,71.5,11.5,
6/5/2009,15,68.5,11.35,
6/6/2009,18.1,66,9.8,
6/7/2009,15.1,68.5,9.8,
6/8/2009,14,72,11.15,
6/9/2009,13.6,72.5,11.9,
6/10/2009,13.1,73,11.35,
6/11/2009,12.9,74.5,11.45,
6/12/2009,12.7,75,11.55,
6/13/2009,12.5,75,11.6,
6/14/2009,12.3,75,11.85,
6/15/2009,12.1,73.5,11.75,
6/16/2009,12.1,74,11.95,
6/17/2009,11.4,76,13.2,
6/18/2009,10.8,78,14.45,
6/19/2009,10.2,81.5,15.8,
6/20/2009,9.79,82.5,14.9,
6/21/2009,9.72,82.5,12.9,
6/22/2009,9.6,84,13.05,
6/23/2009,9.2,86,14.3,
6/24/2009,8.68,87.5,15.1,
6/25/2009,8.37,88.5,15.75,
6/26/2009,8.12,88,15.75,
6/27/2009,7.75,88.5,16,
6/28/2009,7.36,91,16.95,
6/29/2009,7.1,91,17.55,
6/30/2009,6.87,91,18.15,
7/1/2009,6.57,94,17.45,
7/2/2009,6.48,95,17.75,
7/3/2009,6.17,95.5,17.2,
7/4/2009,5.96,96.5,17,
7/5/2009,5.75,96.5,16.35,
7/6/2009,5.71,95.5,16.25,
7/7/2009,5.68,97,16.15,
7/8/2009,5.5,98,15.6,
7/9/2009,5.38,97,15.6,
7/10/2009,5.24,98,15.35,
7/11/2009,5.04,99.5,15.9,
7/12/2009,4.84,103,16.85,
7/13/2009,4.72,101.5,17.05,
7/14/2009,4.52,102.5,17,
7/15/2009,4.23,103.5,17.35,
7/16/2009,4.07,105.5,17.4,
7/17/2009,3.97,106,18.2,
7/18/2009,3.83,107.5,18.95,
7/19/2009,3.61,109.5,19.35,
7/20/2009,3.46,110.5,19.2,
7/21/2009,3.25,,18.4,
7/22/2009,3.31,,18.1,
7/23/2009,3.48,,18.95,
7/24/2009,3.25,116.5,18.55,
7/25/2009,3.18,117,18.2,
7/26/2009,3.04,116,18.6,
7/27/2009,2.99,116.5,18.95,
7/28/2009,2.87,117,19.15,
7/29/2009,2.78,119,18.15,
7/30/2009,2.85,118.5,18.55,
7/31/2009,2.84,117.5,19.05,
8/1/2009,2.91,118.5,18.8,
8/2/2009,2.87,119,18.25,
8/3/2009,2.72,119.5,16.75,
8/4/2009,2.64,121.5,17.1,
8/5/2009,2.54,123,17.65,
8/6/2009,2.69,125.5,15.55,
8/7/2009,3.26,121,14.4,
8/8/2009,3.37,116.5,15,
8/9/2009,2.98,121,15.8,
8/10/2009,2.69,123.5,16.7,
8/11/2009,2.48,125,17.05,
8/12/2009,2.38,126,17.15,
8/13/2009,2.34,127,17.15,
8/14/2009,2.39,125,16.6,
8/15/2009,2.32,124,15.6,
8/16/2009,2.28,123.5,15.4,
8/17/2009,2.19,124,15.8,
8/18/2009,2.08,127.5,16.35,
8/19/2009,1.97,130.5,17.05,
8/20/2009,1.89,131.5,17.45,
8/21/2009,1.84,134,17.75,
8/22/2009,1.96,134.5,17.55,
8/23/2009,2.43,127.5,17.1,
8/24/2009,2.14,131.5,16.1,
8/25/2009,1.92,135,15.6,
8/26/2009,1.84,138,15.4,
8/27/2009,1.84,138.5,15.5,
8/28/2009,1.75,139,15.95,
8/29/2009,1.78,141,16.5,
8/30/2009,1.71,143,16.85,
8/31/2009,1.81,142.5,17.05,
9/1/2009,1.86,144.5,16.75,
9/2/2009,1.9,146,16.95,
9/3/2009,1.96,145,17.5,
9/4/2009,1.99,148,17.25,
9/5/2009,1.98,147,16.45,
9/6/2009,2.05,145,15.55,
9/7/2009,2.24,140.5,15.6,
9/8/2009,2.25,138,15.45,
9/9/2009,2.1,139.5,15.65,
9/10/2009,1.96,142,15.95,
9/11/2009,1.89,146.5,16.35,
9/12/2009,1.93,148,16.85,
9/13/2009,1.99,146.5,16.25,
9/14/2009,2.31,143,14.55,
9/15/2009,2.83,131,15.1,
9/16/2009,2.37,135,15.1,
9/17/2009,2.11,139,15.65,7.2
9/18/2009,1.95,144.5,16.15,7.2
9/19/2009,1.91,145,16.2,7.2
9/20/2009,1.94,144,15.9,7.2
9/21/2009,1.85,143,15.85,7.2
9/22/2009,1.79,146,15.95,7.2
9/23/2009,1.76,148,15.55,7.2
9/24/2009,1.83,149,15.2,7.2
9/25/2009,1.84,150,15.35,7.2
9/26/2009,1.79,149.5,15.3,7.2
9/27/2009,1.77,152,15.3,7.2
9/28/2009,1.78,150.5,15.1,7.2
9/29/2009,1.98,146.5,14.25,7.3
9/30/2009,2.24,144.5,11.85,7.25
10/1/2009,2.4,141,10.9,7.3
10/2/2009,2.29,141.5,11.3,7.3
10/3/2009,2.28,140.5,10.95,7.3
10/4/2009,2.55,137.5,9.6,7.3
10/5/2009,3.01,130,8.6,7.35
10/6/2009,3.01,130.5,8.6,7.35
10/7/2009,2.89,133.5,8.95,7.2
10/8/2009,2.85,132,9.5,7.15
10/9/2009,2.78,131.5,9.95,7.15
10/10/2009,2.67,135,10.35,7.15
10/11/2009,2.64,136.5,10.5,7.15
10/12/2009,2.77,135,9.95,7.15
10/13/2009,4.5,113.5,9.35,7.25
10/14/2009,75,69,11.1,7.3
10/15/2009,9.46,82.5,11.4,7.25
10/16/2009,5.46,100.5,12.5,7.2
10/17/2009,4.2,108.5,13.3,7.2
10/18/2009,3.72,115.5,13.2,7.15
10/19/2009,3.84,117.5,12.55,7.15
10/20/2009,4.21,116,10.8,7.2
10/21/2009,4.05,116.5,9.8,7.15
10/22/2009,3.77,117,10.2,7.15
10/23/2009,3.63,119,10.75,7.15
10/24/2009,3.56,119.5,11,7.15
10/25/2009,3.63,118,11.25,7.15
10/26/2009,3.55,118,11.25,7.15
10/27/2009,3.67,118,9.6,7.15
10/28/2009,3.84,116,7.45,7.15
10/29/2009,3.75,116,6.1,7.15
10/30/2009,3.67,114.5,6.8,7.2
10/31/2009,3.47,115.5,8.05,7.15
11/1/2009,3.27,116,8.85,7.15
11/2/2009,3.13,118.5,9.4,7.15
11/3/2009,3.04,120,9.8,7.15
11/4/2009,3.13,119,9.9,7.15
11/5/2009,3.15,120,9.15,7.15
11/6/2009,3.2,119,8.5,7.2
11/7/2009,3.34,118,8.25,7.15
11/8/2009,3.39,116.5,7.7,7.2
11/9/2009,3.19,118,7.25,7.2
11/10/2009,3.13,119,7.4,7.2
11/11/2009,3.08,119.5,8.1,7.15
11/12/2009,3.4,117,7.35,7.2
11/13/2009,4.57,108.5,7,7.2
11/14/2009,3.74,112.5,6.6,7.2
11/15/2009,3.69,113.5,5.8,7.2
11/16/2009,3.6,114,5.95,7.2
11/17/2009,3.39,115,6.55,7.2
11/18/2009,3.26,115.5,5.9,7.2
11/19/2009,3.39,115,5.45,7.2
11/20/2009,3.28,116,5.6,7.2
11/21/2009,3.4,114.5,5.8,7.2
11/22/2009,3.49,114,5.4,7.2
11/23/2009,3.42,114,5.45,7.2
11/24/2009,3.26,114.5,5.45,7.2
11/25/2009,3.12,115.5,5.8,7.25
11/26/2009,3.07,116,5.8,7.25
11/27/2009,3.23,114,5.85,7.35
11/28/2009,4.79,107,4.8,7.35
11/29/2009,4.04,107,4.5,7.35
11/30/2009,3.96,110,4.7,7.3
12/1/2009,3.69,112.5,4.6,7.3
12/2/2009,3.65,113,4.5,7.35
12/3/2009,3.59,114,4.3,7.3
12/4/2009,3.49,115,4.3,7.3
12/5/2009,3.49,116,4.05,7.3
12/6/2009,3.49,116,4.05,7.3
12/7/2009,3.96,111,2,7.3
12/8/2009,3.88,113.5,0.75,7.3
12/9/2009,4.17,109.5,1,7.3
12/10/2009,4.48,104.5,1.65,7.2
12/11/2009,16.5,81,1.3,7.3
12/12/2009,32.8,59,2.6,7.35
12/13/2009,36.1,57,2.3,7.25
12/14/2009,11.3,77.5,3,7.25
12/15/2009,8.52,87,2.95,7.25
12/16/2009,7.38,92,3.35,7.15
12/17/2009,7.01,94,3.8,7.15
12/18/2009,7.19,93.5,3.9,7.15
12/19/2009,7.44,90,4.35,7.2
12/20/2009,7.46,89,4.5,7.2
12/21/2009,7.36,87.5,4.65,7.25
12/22/2009,15.4,69.5,2.95,7.35
12/23/2009,8.96,85,1.1,7.25
12/24/2009,8.55,84.5,1.9,7.25
12/25/2009,7.58,91,2.35,7.2
12/26/2009,7.1,94,2.55,7.2
12/27/2009,6.84,95,3.4,7.2
12/28/2009,6.46,96.5,3.15,7.2
12/29/2009,6.21,96.5,3.45,7.2
12/30/2009,8.99,87.5,3.2,7.25
12/31/2009,7.71,89.5,3.2,7.2
1/1/2010,7.36,93,3.4,7.2
1/2/2010,6.79,96,3.5,7.2
1/3/2010,6.55,97,3.4,7.2
1/4/2010,6.45,97,3.35,7.2
1/5/2010,6.29,96.5,3.35,7.2
1/6/2010,6.36,96,3.7,7.2
1/7/2010,6.65,95,4.15,7.2
1/8/2010,7.23,91,4.75,7.25
1/9/2010,8.04,84,4.8,7.25
1/10/2010,8.76,82.5,5.15,7.25
1/11/2010,8.52,83,4.85,7.25
1/12/2010,8.76,83,5.5,7.25
1/13/2010,24.3,65.5,4.95,7.4
1/14/2010,14,66,4.1,7.35
1/15/2010,11,74.5,4.25,7.35
1/16/2010,9.81,79,4.7,7.35
1/17/2010,9.54,78.5,3.8,7.25
1/18/2010,16.1,67,4.65,7.4
1/19/2010,14.7,65.5,2.95,7.35
1/20/2010,13.7,72.5,2.4,7.35
1/21/2010,12.7,75.5,1.9,7.35
1/22/2010,12.3,79.5,1.1,7.35
1/23/2010,11.3,80.5,1.6,7.35
1/24/2010,10.6,84,1.85,7.35
1/25/2010,11.4,80,2.7,7.35
1/26/2010,12.3,77,3.2,7.35
1/27/2010,12,79,3.95,7.35
1/28/2010,11.3,81,3.5,7.35
1/29/2010,11,83,3.7,7.35
1/30/2010,10.6,84,3.85,7.35
1/31/2010,10.1,85.5,3.5,7.35
2/1/2010,9.96,86,3.35,7.35
2/2/2010,9.83,86.5,4.05,7.35
2/3/2010,9.84,86,4,7.35
2/4/2010,9.75,86.5,3.8,7.25
2/5/2010,23.9,70,4.35,7.3
2/6/2010,25.1,59.5,3.05,7.3
2/7/2010,19.7,68.5,1.25,7.35
2/8/2010,16.9,75,3.05,7.35
2/9/2010,16.4,76.5,2.7,7.35
2/10/2010,14.9,80.5,2.45,7.35
2/11/2010,14.8,81,3.45,7.35
2/12/2010,15.7,78.5,3.95,7.35
2/13/2010,15.9,77.5,4,7.35
2/14/2010,16.4,75.5,4.45,7.35
2/15/2010,16.9,74,4.4,7.35
2/16/2010,17.4,72.5,4.85,7.35
2/17/2010,18.5,70.5,5.3,7.35
2/18/2010,19.2,69,5,7.35
2/19/2010,18.8,69,4.35,7.35
2/20/2010,19,70,4.8,7.35
2/21/2010,21.1,66.5,3.15,7.35
2/22/2010,33.7,63,3.05,7.35
2/23/2010,24.1,71,3.75,7.35
2/24/2010,171,56,4.25,7.3
2/25/2010,73.1,54.5,5.25,7.35
2/26/2010,41.3,61.5,5.3,7.3
2/27/2010,51.1,59,4.65,7.35
2/28/2010,39.7,63,4.9,7.3
3/1/2010,34.2,66,5.45,7.3
3/2/2010,31.6,66.5,5.2,7.25
3/3/2010,30.6,66,4.25,7.25
3/4/2010,29.9,66.5,1.65,7.25
3/5/2010,28,69,3.35,7.3
3/6/2010,27.1,69.5,4.4,7.3
3/7/2010,24.7,72,3.95,7.3
3/8/2010,25.5,72,3.45,7.3
3/9/2010,24.7,71,1.45,7.3
3/10/2010,22.2,73,2,7.3
3/11/2010,22.1,73.5,2.9,7.3
3/12/2010,24,70.5,4.6,7.35
3/13/2010,45.4,61.5,4.3,7.3
3/14/2010,34,69.5,4.9,7.3
3/15/2010,32.7,69,5.6,7.3
3/16/2010,33.4,68,6.1,7.3
3/17/2010,35.9,66,6.25,7.25
3/18/2010,38.4,64,6.65,7.25
3/19/2010,39.1,61,6.3,7.3
3/20/2010,39,60,6.55,7.35
3/21/2010,37.9,60,5.85,7.35
3/22/2010,35.9,61.5,5.9,7.35
3/23/2010,35.9,60.5,6.85,7.35
3/24/2010,36.3,58.5,6.8,7.35
3/25/2010,35.9,58.5,5.2,7.3
3/26/2010,31.9,61.5,5.1,7.3
3/27/2010,29.9,62.5,5.95,7.35
3/28/2010,30.6,61.5,6.45,7.35
3/29/2010,32.3,59,6.8,7.35
3/30/2010,33.7,58,6.5,7.35
3/31/2010,33.3,58.5,4.65,7.25
4/1/2010,28.6,60.5,3.05,7.3
4/2/2010,26.4,62.5,4.1,7.45
4/3/2010,24.8,64,4.95,7.45
4/4/2010,23.6,65.5,4,7.45
4/5/2010,29.4,61.5,3.45,7.4
4/6/2010,25,66.5,3.8,7.45
4/7/2010,25.3,65.5,5.75,7.45
4/8/2010,25.9,64.5,6.5,7.45
4/9/2010,27.6,63.5,7.5,7.45
4/10/2010,29.3,62,7.05,7.45
4/11/2010,31.3,59,5.85,7.45
4/12/2010,37.1,58,3.3,7.35
4/13/2010,34.9,62,4.05,7.45
4/14/2010,35.9,62.5,5.95,7.45
4/15/2010,36.8,62,6.85,7.45
4/16/2010,39.2,61,6.85,7.45
4/17/2010,41.1,58.5,7.75,7.45
4/18/2010,45.5,55.5,8.05,7.4
4/19/2010,49.1,53,8.45,7.45
4/20/2010,59.8,50.5,5.35,7.4
4/21/2010,55,51,1.7,7.4
4/22/2010,47,55.5,3.8,7.4
4/23/2010,49.5,56,5.65,7.45
4/24/2010,54.6,56.5,7.15,7.45
4/25/2010,59.9,54.5,8.4,7.5
4/26/2010,65.8,52,8.9,7.5
4/27/2010,69.4,49,7.9,7.55
4/28/2010,82.7,47,6,7.55
4/29/2010,64.7,50,3.5,7.5
4/30/2010,55.9,52,4.7,7.4
5/1/2010,51.2,53.5,6.35,7.35
5/2/2010,48.9,54.5,7.55,7.35
5/3/2010,50.4,53,8.8,7.35
5/4/2010,56.4,49,9.35,7.35
5/5/2010,61.3,47,8.85,7.35
5/6/2010,62.2,45,7.85,7.35
5/7/2010,61.7,43.5,8.25,7.35
5/8/2010,63.6,42.5,8.15,7.3
5/9/2010,62.8,44,6.35,7.3
5/10/2010,56,46,6,7.25
5/11/2010,51.6,48,4.55,7.3
5/12/2010,47.7,49,6.9,7.25
5/13/2010,47,49,8.05,7.3
5/14/2010,47.6,48,8.75,7.25
5/15/2010,50.4,45.5,9.55,7.25
5/16/2010,55.3,44,9.7,7.25
5/17/2010,58.4,42.5,8.25,7.25
5/18/2010,55.1,43,7.55,7.25
5/19/2010,53.2,43.5,9.25,7.2
5/20/2010,56.8,42.5,8.7,7.15
5/21/2010,57.2,42,8.4,7.15
5/22/2010,53.5,43.5,5.6,7.15
5/23/2010,49.8,44,4.05,7.15
5/24/2010,45.5,45,5.85,7.15
5/25/2010,42.8,45,7.3,7.15
5/26/2010,41.8,44,8.35,7.15
5/27/2010,40.9,44,8.15,7.15
5/28/2010,41.7,43.5,6.65,7.15
5/29/2010,40.3,42,8.1,7.15
5/30/2010,42.2,39.5,9.65,7.15
5/31/2010,45.3,37.5,10.25,7.15
6/1/2010,48.3,35,10.3,7.15
6/2/2010,51,37,11.25,7.15
6/3/2010,56.1,38.5,11.8,7.15
6/4/2010,62.6,36.5,12.45,7.15
6/5/2010,71.2,35.5,13,7.1
6/6/2010,81.2,33,13.45,7.1
6/7/2010,86,32.5,13.2,7.05
6/8/2010,81.4,31.5,12.35,7.1
6/9/2010,73.8,32.5,11.75,7.1
6/10/2010,68.1,33.5,10.2,7.15
6/11/2010,59.5,36,8.5,7.15
6/12/2010,52.9,38,9.8,7.15
6/13/2010,48.7,39,11.05,7.15
6/14/2010,46.1,41,12,7.15
6/15/2010,44,42.5,12.3,7.2
6/16/2010,42.1,42,10.75,7.2
6/17/2010,40.2,43.5,10.6,7.15
6/18/2010,37.8,45.5,10.95,7.15
6/19/2010,36.3,46.5,10.4,7.15
6/20/2010,35.3,47,10.95,7.15
6/21/2010,33.7,48,11.15,7.15
6/22/2010,32.1,48.5,11.85,7.2
6/23/2010,30.6,49.5,12.8,7.2
6/24/2010,29.6,50,13.15,7.25
6/25/2010,28.7,51,13.35,7.25
6/26/2010,28.1,50.5,13.55,7.25
6/27/2010,27.1,52,14.95,7.25
6/28/2010,26,53,15.75,7.25
6/29/2010,25.8,53,16.35,7.25
6/30/2010,25.3,53.5,15.75,7.25
7/1/2010,24.3,54.5,13.8,7.25
7/2/2010,23.2,55.5,13.4,7.2
7/3/2010,22.2,57,13.65,7.2
7/4/2010,21.2,58,14.1,7.15
7/5/2010,20,59,14.5,7.15
7/6/2010,19.3,60,15.05,7.15
7/7/2010,18.5,62,15.25,7.15
7/8/2010,17.6,62.5,15.25,7.15
7/9/2010,16.8,64.5,15.85,7.15
7/10/2010,16.2,66,16.4,7.15
7/11/2010,16,67,17.3,7.15
7/12/2010,15.2,68,17.3,7.15
7/13/2010,14.6,68.5,16.4,7.1
7/14/2010,14.1,68.5,16,7.1
7/15/2010,13.5,70.5,17.2,7.1
7/16/2010,13.4,71.5,19,7.15
7/17/2010,12.7,72.5,18.95,7.15
7/18/2010,12.2,73,18.7,7.15
7/19/2010,11.7,74.5,17.75,7.15
7/20/2010,11.2,75.5,17.1,7.05
7/21/2010,10.9,76.5,16.05,7.15
7/22/2010,10.7,77,16.05,7.15
7/23/2010,10.3,77,16.1,7.15
7/24/2010,10,79,17.15,7.1
7/25/2010,9.74,79.5,17.4,7.15
7/26/2010,9.54,80.5,17.95,7.1
7/27/2010,9.16,82,16.35,7.2
7/28/2010,8.93,83.5,16,7.25
7/29/2010,8.79,85.5,16.85,7.25
7/30/2010,8.56,86,17.1,7.25
7/31/2010,8.56,88,17.05,7.25
8/1/2010,8.33,89,16.35,7.25
8/2/2010,8.13,89,16.05,7.25
8/3/2010,7.91,90.5,15.9,7.2
8/4/2010,7.63,92.5,15.55,7.2
8/5/2010,7.47,93,15.65,7.2
8/6/2010,7.45,93.5,15.85,7.2
8/7/2010,7.61,94,15.8,7.2
8/8/2010,7.52,95,15.55,7.25
8/9/2010,7.36,95.5,15.55,7.2
8/10/2010,7.3,96,15.8,7.2
8/11/2010,7.16,97,15.2,7.2
8/12/2010,7.04,98,14.95,7.2
8/13/2010,6.82,99.5,15.6,7.2
8/14/2010,6.8,100.5,15.75,7.2
8/15/2010,6.65,102,16.2,7.15
8/16/2010,6.35,103,16.25,7.15
8/17/2010,5.98,104.5,16.2,7.15
8/18/2010,5.78,104.5,16.85,7.15
8/19/2010,5.74,108,16.3,7.15
8/20/2010,5.65,105.5,16.25,7.15
8/21/2010,5.45,104.5,16.1,7.15
8/22/2010,5.67,104.5,16,7.15
8/23/2010,5.59,105.5,15.55,7.2
8/24/2010,5.11,108.5,16.15,7.15
8/25/2010,4.91,109.5,17.6,7.15
8/26/2010,4.84,110.5,18.7,7.2
8/27/2010,4.73,111,17.9,7.25
8/28/2010,4.58,110.5,15.15,7.25
8/29/2010,5.17,107,12.55,7.25
8/30/2010,5.66,102.5,12.55,7.25
8/31/2010,5.47,103,13.1,7.25
9/1/2010,5.02,106.5,14,7.25
9/2/2010,4.66,108.5,15.2,7.25
9/3/2010,4.44,110,15.75,7.25
9/4/2010,4.25,112,15.3,7.2
9/5/2010,4.24,112.5,14.9,7.2
9/6/2010,4.33,112,15,7.2
9/7/2010,4.21,112.5,15.2,7.2
9/8/2010,4.42,113,14.45,7.25
9/9/2010,5.23,107.5,13.35,7.25
9/10/2010,5.17,107,12.55,7.25
9/11/2010,4.56,110.5,13.15,7.25
9/12/2010,4.29,113.5,13.75,7.25
9/13/2010,4.13,114,13.7,7.25
9/14/2010,4.11,114.5,13.8,7.25
9/15/2010,4.07,114.5,13.3,7.25
9/16/2010,4.06,114,13.45,7.25
9/17/2010,3.88,115.5,13.4,7.25
9/18/2010,3.86,116.5,13.95,7.25
9/19/2010,3.8,116,13.85,7.25
9/20/2010,4.04,114,14.3,7.25
9/21/2010,4.01,115,13.45,7.25
9/22/2010,4.29,113.5,12.65,7.25
9/23/2010,4.4,112.5,11.75,7.25
9/24/2010,3.78,115.5,12.7,7.25
9/25/2010,3.56,118.5,13.6,7.25
9/26/2010,3.42,121,13.95,7.25
9/27/2010,3.31,122,14.4,7.25
9/28/2010,3.22,124,15.25,7.25
9/29/2010,3.18,125,15.1,7.1
9/30/2010,3.2,126,15.15,7.1
10/1/2010,3.52,121,15.2,7.1
10/2/2010,4.09,116,15.2,7.2
10/3/2010,4.24,115,15.1,7.2
10/4/2010,4.38,120,14.1,7.2
10/5/2010,5.39,112,11.7,7.2
10/6/2010,5.41,111,10.4,7.2
10/7/2010,5.2,110,10.6,7.2
10/8/2010,5.05,109,10.4,7.2
10/9/2010,4.62,113,10.9,7.2
10/10/2010,4.33,113,12,7.2
10/11/2010,4.13,116,12.4,7.2
10/12/2010,4.01,120,13.2,7.2
10/13/2010,3.88,121,13.7,7.2
10/14/2010,3.83,122,13.5,7.2
10/15/2010,3.86,123,13.5,7.2
10/16/2010,3.86,122,13.5,7.2
10/17/2010,3.89,122,12.8,7.2
10/18/2010,4.4,118,12,7.2
10/19/2010,4.64,116,11.7,7.2
10/20/2010,4.25,119,11.7,7.2
10/21/2010,4.41,117,11.9,7.2
10/22/2010,4.72,115,11.9,7.2
10/23/2010,4.84,114,11.2,7.2
10/24/2010,5.4,111,11.1,7.2
10/25/2010,12.1,93,10.8,7.3
10/26/2010,5.66,106,9.3,7.3
10/27/2010,5.05,109,8.4,7.3
10/28/2010,4.51,111,8.2,7.3
10/29/2010,4.24,113,8.4,7.3
10/30/2010,8.03,94,8.4,7.3
10/31/2010,6.1,103,7.9,7.3
11/1/2010,5.43,106,8.1,7.3
11/2/2010,4.9,109,9.4,7.3
11/3/2010,4.5,112,10.6,7.3
11/4/2010,4.27,114,11.1,7.3
11/5/2010,4.19,115,11.2,7.2
11/6/2010,4.73,115,10.7,7.2
11/7/2010,5.97,108,9.5,7.3
11/8/2010,16.3,80,7.1,7.4
11/9/2010,7.4,100,6.5,7.3
11/10/2010,6.62,103,6,7.3
11/11/2010,6.25,105,5.5,7.3
11/12/2010,5.99,107,5.6,7.3
11/13/2010,5.75,108,6,7.3
11/14/2010,5.6,109,6.7,7.3
11/15/2010,5.56,108,7.5,7.2
11/16/2010,5.57,108,7.7,7.2
11/17/2010,5.39,109,7.4,7.2
11/18/2010,5.15,110,7.1,7.2
11/19/2010,5.12,111,7,7.3
11/20/2010,11.5,84,6.2,7.4
11/21/2010,9.38,90,1.6,7.3
11/22/2010,9.47,91,2.8,7.3
11/23/2010,9.22,96,2.1,7.3
11/24/2010,9.04,94,2,7.3
11/25/2010,8.12,98,1.8,7.3
11/26/2010,8.66,96,2.4,7.3
11/27/2010,10,92,2.2,7.3
11/28/2010,9.76,91,1.3,7.3
11/29/2010,8.6,96,1.5,7.3
11/30/2010,8.44,100,2.1,7.3
12/1/2010,8.84,97,2.7,7.3
12/2/2010,10.1,93,3.4,7.3
12/3/2010,11.7,88,4.4,7.4
12/4/2010,12.9,82,4.6,7.4
12/5/2010,16.3,83,5,7.4
12/6/2010,25.6,65,4.2,7.4
12/7/2010,11,78,4,7.4
12/8/2010,9.21,85,4.2,7.3
12/9/2010,9.36,86,4.9,7.3
12/10/2010,11.1,79,5.2,7.2
12/11/2010,10.9,78,5.1,7.2
12/12/2010,11.2,78,5.2,7.2
12/13/2010,10.6,79,4.8,7.2
12/14/2010,9.63,82,4.6,7.2
12/15/2010,11.6,78,5.5,7.3
12/16/2010,10.4,78,4.8,7.2
12/17/2010,32.6,71,4.4,7.2
12/18/2010,244,40,4.6,
12/19/2010,484,30,5.9,
12/20/2010,202,40,4.7,
12/21/2010,101,46,5.2,
12/22/2010,89.3,48,5.4,
12/23/2010,69.4,50,5.2,
12/24/2010,55.7,53,4.6,
12/25/2010,48.5,55,5.4,
12/26/2010,46.4,55,4.5,
12/27/2010,39.1,57,3.8,
12/28/2010,37.8,59,3.7,
12/29/2010,115,48,3.1,
12/30/2010,66.7,57,2.2,
12/31/2010,50.3,63,1.9,
1/1/2011,46.4,63,2.8,
1/2/2011,49.8,60,3.7,
1/3/2011,41.9,62,3.4,
1/4/2011,38,65,3.1,
1/5/2011,35.9,65,3,
1/6/2011,34.7,65,3.6,
1/7/2011,33.2,66,3.6,
1/8/2011,31.4,67,3.2,
1/9/2011,30,67,2.8,
1/10/2011,28.1,69,2.3,
1/11/2011,27.4,69,3.5,
1/12/2011,26.8,69,4,
1/13/2011,27,69,4.1,
1/14/2011,27.7,69,4.8,7.6
1/15/2011,29.7,67,5,7.6
1/16/2011,32.7,65,5.5,7.6
1/17/2011,38.4,61,5.6,7.5
1/18/2011,43,58,5.6,7.5
1/19/2011,42.6,58,5.2,7.5
1/20/2011,39.7,59,4.9,7.5
1/21/2011,37.8,60,5,7.5
1/22/2011,36.5,60,5.2,7.5
1/23/2011,35.1,61,5,7.5
1/24/2011,33.5,61,4.9,7.4
1/25/2011,32.2,62,5,7.4
1/26/2011,31.2,62,5.1,7.4
1/27/2011,30.3,62,5,7.4
1/28/2011,29.5,63,4.9,7.4
1/29/2011,28.7,62,4.7,7.4
1/30/2011,30.5,62,3.4,7.4
1/31/2011,28.4,62,3.7,7.4
2/1/2011,27.3,63,3.8,7.4
2/2/2011,26.1,64,3.2,7.5
2/3/2011,24.9,63,3,7.5
2/4/2011,24.3,63,3.8,7.5
2/5/2011,24.1,63,5,7.5
2/6/2011,23.9,63,5.4,7.5
2/7/2011,23.9,63,5.4,7.5
2/8/2011,24.2,63,4.8,7.5
2/9/2011,22.9,64,3.4,7.5
2/10/2011,22.2,64,3.3,7.5
2/11/2011,21.6,64,3.6,7.5
2/12/2011,21.1,65,4.5,7.4
2/13/2011,20.8,65,4.6,7.4
2/14/2011,20.4,65,4.7,7.4
2/15/2011,20.2,65,4.9,7.4
2/16/2011,29.6,61,4.2,7.4
2/17/2011,24.2,63,2.5,7.5
2/18/2011,23.4,64,3.9,7.5
2/19/2011,25.4,62,3.2,7.5
2/20/2011,22.9,64,2.4,7.5
2/21/2011,21.5,66,2.2,7.5
2/22/2011,20.9,66,2.8,7.5
2/23/2011,20.4,67,3.3,7.5
2/24/2011,19.9,68,3.1,7.4
2/25/2011,22.2,66,2.2,7.5
2/26/2011,23.5,65,0.8,7.5
2/27/2011,21.8,66,1,7.4
2/28/2011,22.5,67,1.7,7.5
3/1/2011,23.2,66,2.9,7.5
3/2/2011,32.3,64,3.9,7.5
3/3/2011,40.3,60,4.7,7.5
3/4/2011,35.4,63,4.5,7.5
3/5/2011,35.3,62,4.7,7.5
3/6/2011,38,61,5.2,7.5
3/7/2011,77.7,54,4.2,7.4
3/8/2011,57.8,60,4.6,7.4
3/9/2011,53.5,60,5.6,7.4
3/10/2011,52.8,59,5.9,7.4
3/11/2011,53,58,5.6,7.4
3/12/2011,51,59,5.5,7.4
3/13/2011,48.9,59,5.9,7.4
3/14/2011,48.6,59,6.2,7.4
3/15/2011,48.8,58,6.7,7.4
3/16/2011,53.9,56,6.4,7.4
3/17/2011,52.7,57,5.8,7.4
3/18/2011,48.9,59,4.6,7.4
3/19/2011,50,59,3.6,7.4
3/20/2011,50.8,59,3.9,7.4
3/21/2011,50.2,59,1.7,7.4
3/22/2011,46.2,62,2.8,7.4
3/23/2011,51.2,63,3.1,7.4
3/24/2011,51,65,2.8,7.4
3/25/2011,61.6,67,3,7.4
3/26/2011,54,73,3.8,7.4
3/27/2011,54.9,72,4.5,7.4
3/28/2011,54.8,71,5,7.4
3/29/2011,54.7,71,5.2,7.4
3/30/2011,61.8,69,5.8,7.4
3/31/2011,81.7,62,6.1,7.5
4/1/2011,104,56,6.3,7.4
4/2/2011,112,52,6.4,7.4
4/3/2011,106,53,6.2,7.4
4/4/2011,98.5,53,6.9,7.4
4/5/2011,100,51,6.8,7.4
4/6/2011,95.9,52,7,7.4
4/7/2011,91.4,52,4.9,7.4
4/8/2011,83.5,54,2.7,7.4
4/9/2011,73.8,56,2.6,7.4
4/10/2011,71.4,56,4.1,7.4
4/11/2011,68.7,57,5.3,7.4
4/12/2011,66.9,57,6.2,7.4
4/13/2011,64.8,58,4.6,7.4
4/14/2011,60.3,59,4.9,7.4
4/15/2011,60.7,59,6.5,7.4
4/16/2011,64.5,57,7.9,7.4
4/17/2011,70.3,54,8.3,7.4
4/18/2011,76,52,8.2,7.4
4/19/2011,78,50,7.9,7.4
4/20/2011,76.9,50,7.4,7.4
4/21/2011,83.2,48,7.3,7.4
4/22/2011,79.6,49,7.2,7.4
4/23/2011,75.7,50,7,7.4
4/24/2011,71.9,50,6.8,7.4
4/25/2011,69.7,51,7.1,7.4
4/26/2011,69.1,51,7,7.4
4/27/2011,68.6,51,7.3,7.4
4/28/2011,69.4,49,7.8,7.4
4/29/2011,70,49,6.9,7.4
4/30/2011,67.2,49,6.2,7.4
5/1/2011,65.7,49,6.9,7.4
5/2/2011,66,49,7.5,7.4
5/3/2011,67.7,48,8.2,7.4
5/4/2011,71.2,47,9.4,7.4
5/5/2011,75.7,44,9.4,7.4
5/6/2011,80.2,44,9.4,7.4
5/7/2011,82.9,42,9,7.4
5/8/2011,83.5,43,7.2,7.4
5/9/2011,76.7,44,5.5,7.4
5/10/2011,70.4,45,5.9,7.4
5/11/2011,66.6,46,7.7,7.4
5/12/2011,66.4,46,8.9,7.4
5/13/2011,67.5,45,9.6,7.4
5/14/2011,68.7,44,9.1,7.4
5/15/2011,70.6,44,6.3,7.4
5/16/2011,65.1,45,4.9,7.4
5/17/2011,69,46,5.4,7.4
5/18/2011,68.7,47,5.3,7.4
5/19/2011,62.9,48,6.6,7.4
5/20/2011,61.8,48,8.1,7.4
5/21/2011,61.4,47,9.1,7.4
5/22/2011,60,48,9,7.4
5/23/2011,58.3,48,7.4,7.4
5/24/2011,56.4,49,7.9,7.3
5/25/2011,55.9,49,9,7.3
5/26/2011,57.1,48,8,7.3
5/27/2011,57,48,8,7.3
5/28/2011,58.2,47,7.9,7.3
5/29/2011,62.3,47,5,7.4
5/30/2011,58.6,47,6.6,7.3
5/31/2011,56.1,48,7.8,7.3
6/1/2011,54.7,48,7,7.3
6/2/2011,53.3,49,6.2,7.3
6/3/2011,51.9,49,7,7.3
6/4/2011,50.7,49,8.7,7.3
6/5/2011,50.6,48,9.2,7.3
6/6/2011,54.9,47,7.8,7.3
6/7/2011,51.7,47,8.7,7.3
6/8/2011,51.8,46,10,7.3
6/9/2011,51.8,45,10.7,7.3
6/10/2011,52.8,43,11.7,7.3
6/11/2011,54,42,11.2,7.3
6/12/2011,54.4,42,11.1,7.3
6/13/2011,54.3,42,11.5,7.3
6/14/2011,54.8,42,12.9,7.3
6/15/2011,56.5,42,13.9,7.3
6/16/2011,57.6,42,13.1,7.3
6/17/2011,56.8,42,11.9,7.3
6/18/2011,54.8,44,11.9,7.3
6/19/2011,53.1,45,12.5,7.3
6/20/2011,51,44,13,7.3
6/21/2011,49.8,43,13.6,7.3
6/22/2011,48.4,43,14.6,7.3
6/23/2011,47.6,43,14.6,7.3
6/24/2011,45.6,43,13.3,7.3
6/25/2011,43.5,44,12.4,7.3
6/26/2011,41.3,45,12.6,7.3
6/27/2011,39.1,46,13.2,7.3
6/28/2011,37.5,52,13.8,7.4
6/29/2011,36.9,51,12.3,7.5
6/30/2011,35.2,51,10.9,7.5
7/1/2011,33.2,52,13,7.5
7/2/2011,31.5,53,15.1,7.5
7/3/2011,30,54,15.7,7.5
7/4/2011,29.2,54,16.5,7.5
7/5/2011,28.6,55,16.5,7.5
7/6/2011,27.6,55,16.6,7.5
7/7/2011,26.6,56,17.1,7.5
7/8/2011,25.5,57,16.9,7.5
7/9/2011,24.5,58,16.9,7.5
7/10/2011,23.5,58,16,7.5
7/11/2011,22.5,59,14.9,7.5
7/12/2011,22,60,14.6,7.5
7/13/2011,21.8,61,14.3,7.5
7/14/2011,21.7,62,14,7.5
7/15/2011,21,62,13.5,7.5
7/16/2011,20.4,63,13.2,7.5
7/17/2011,19.6,64,13.7,7.5
7/18/2011,18.4,65,14.4,7.4
7/19/2011,17.7,66,15.2,7.4
7/20/2011,17.1,67,15,7.4
7/21/2011,16.7,68,15.8,7.4
7/22/2011,16.1,69,15.8,7.4
7/23/2011,15.6,69,15.8,7.5
7/24/2011,15,71,16.3,7.4
7/25/2011,14.5,72,16.3,7.5
7/26/2011,14.4,72,16.6,7.5
7/27/2011,14,72,16.1,7.5
7/28/2011,13.6,74,16.1,7.5
7/29/2011,13.2,75,17.1,7.4
7/30/2011,12.8,76,17.8,7.4
7/31/2011,15,75,17.4,7.4
8/1/2011,13.5,76,17.3,7.4
8/2/2011,12.5,78,17.9,7.4
8/3/2011,11.9,79,17.1,7.4
8/4/2011,11.6,79,15.8,7.4
8/5/2011,11.5,78,15.6,7.4
8/6/2011,11.3,77,15.9,7.4
8/7/2011,11.1,78,16.2,7.4
8/8/2011,10.8,78,16.5,7.3
8/9/2011,10.6,77,16.4,7.2
8/10/2011,10.3,79,16.1,7.2
8/11/2011,10.1,80,16,7.2
8/12/2011,9.92,80,16.1,7.2
8/13/2011,9.62,81,16.5,7.2
8/14/2011,9.3,82,16.8,7.2
8/15/2011,9.19,82,16.4,7.1
8/16/2011,8.95,83,15.8,7.1
8/17/2011,8.76,83,15.5,7.1
8/18/2011,8.63,84,15.8,7
8/19/2011,8.56,84,16.4,7
8/20/2011,8.31,86,15.8,7
8/21/2011,8.25,90,15.7,7
8/22/2011,8.11,91,16,7.1
8/23/2011,7.87,93,16.1,7.2
8/24/2011,7.63,93,16.3,7.4
8/25/2011,7.45,94,16.7,7.4
8/26/2011,7.21,94,16.7,7.3
8/27/2011,7.24,94,17.1,7.3
8/28/2011,7,95,18.1,7.3
8/29/2011,6.89,96,17.8,7.3
8/30/2011,6.76,97,16.8,7.3
8/31/2011,6.72,97,15.6,7.3
9/1/2011,6.58,99,14.7,7.3
9/2/2011,6.48,100,14.5,7.3
9/3/2011,6.4,101,15.2,7.3
9/4/2011,6.24,102,15,7.3
9/5/2011,6.22,102,15.2,7.3
9/6/2011,6.17,102,15.2,7.3
9/7/2011,6.03,103,15.4,7.3
9/8/2011,5.99,102,15.9,7.3
9/9/2011,6.5,102,15.1,7.3
9/10/2011,7.27,100,15.1,7.4
9/11/2011,6.89,99,15,7.4
9/12/2011,6.58,101,15.2,7.3
9/13/2011,7.46,98,14.6,7.4
9/14/2011,7.52,96,14.8,7.4
9/15/2011,7.08,97,15.3,7.4
9/16/2011,6.66,100,15,7.4
9/17/2011,6.58,101,14,7.4
9/18/2011,6.31,103,13.8,7.4
9/19/2011,6.06,105,14.6,7.3
9/20/2011,5.93,107,15.1,7.3
9/21/2011,5.82,109,15.4,7.3
9/22/2011,5.74,109,15,7.3
9/23/2011,5.52,111,15.1,7.3
9/24/2011,5.66,110,15.1,7.3
9/25/2011,5.85,110,14.4,7.3
9/26/2011,6.02,109,13.6,7.3
9/27/2011,5.72,111,13.6,7.3
9/28/2011,5.4,112,14.2,7.3
9/29/2011,5.27,115,14.5,7.3
9/30/2011,5.22,118,15.1,7.3
10/1/2011,5.25,117,14.6,7.3
10/2/2011,5.34,116,14.4,7.3
10/3/2011,5.26,115,13.8,7.3
10/4/2011,5.7,115,12,7.4
10/5/2011,37.7,65,9.6,7.5
10/6/2011,15.9,77,7.4,7.6
10/7/2011,11.7,85,6.5,7.6
10/8/2011,11,84,7.6,7.6
10/9/2011,9.75,87,8.9,7.6
10/10/2011,8.82,90,9.3,7.5
10/11/2011,8.51,93,10.6,7.5
10/12/2011,8,96,11.5,7.5
10/13/2011,7.33,101,12.2,7.4
10/14/2011,6.99,103,12.4,7.4
10/15/2011,6.82,104,12.6,7.3
10/16/2011,6.79,105,12.8,7.3
10/17/2011,6.83,106,12.6,7.3
10/18/2011,6.71,106,12.6,7.3
10/19/2011,6.83,106,12.4,7.3
10/20/2011,6.94,105,11.9,7.3
10/21/2011,6.74,106,11.3,7.3
10/22/2011,6.69,107,11.4,7.3
10/23/2011,6.48,109,11.3,7.3
10/24/2011,6.44,110,11.1,7.2
10/25/2011,6.69,107,11,7.2
10/26/2011,7.16,105,10.6,7.2
10/27/2011,7.11,104,9.1,7.2
10/28/2011,6.76,108,8.7,7.2
10/29/2011,6.56,106,8.5,7.2
10/30/2011,6.41,106,9,7.2
10/31/2011,6.29,108,9,7.2
11/1/2011,6.38,107,8.8,7.2
11/2/2011,6.4,107,8.3,7.2
11/3/2011,6.26,109,7.7,7.2
11/4/2011,8.6,93,6.4,7.4
11/5/2011,7.78,98,5,7.3
11/6/2011,9.05,90,3.6,7.4
11/7/2011,8.44,93,3.9,7.3
11/8/2011,8.42,96,4.1,7.3
11/9/2011,8.76,93,4.5,7.3
11/10/2011,8.61,93,5.5,7.3
11/11/2011,10.3,89,6.2,7.3
11/12/2011,13.6,76,6.5,7.3
11/13/2011,9.77,86,6.5,7.3
11/14/2011,9.01,90,6.4,7.3
11/15/2011,8.58,93,6.4,7.2
11/16/2011,8.34,94,6.6,7.2
11/17/2011,8.05,95,6.5,7.3
11/18/2011,8.03,96,6.4,7.3
11/19/2011,8.15,96,5.7,7.3
11/20/2011,9.58,97,3.9,7.3
11/21/2011,9.12,96,3.8,7.3
11/22/2011,8.9,98,4,7.3
11/23/2011,8.71,99,5.2,7.3
11/24/2011,8.4,100,5.4,7.3
11/25/2011,8.32,101,5.3,7.3
11/26/2011,8.17,101,5.6,7.3
11/27/2011,8.04,102,6.3,7.2
11/28/2011,7.89,102,6.4,7.2
11/29/2011,7.75,103,6.7,7.2
11/30/2011,7.51,103,5.9,7.3
12/1/2011,7.45,104,4.1,7.3
12/2/2011,7.35,105,3.3,7.3
12/3/2011,7.22,107,2.4,7.3
12/4/2011,7.19,108,1.8,7.3
12/5/2011,7.19,106,1.6,7.3
12/6/2011,6.88,102,1.5,7.3
12/7/2011,6.88,102,1.7,7.3
12/8/2011,6.84,103,2.1,7.3
12/9/2011,6.77,103,2.4,7.3
12/10/2011,6.65,104,2.4,7.3
12/11/2011,6.62,104,2.3,7.3
12/12/2011,6.58,104,2.6,7.3
12/13/2011,6.65,103,3,7.3
12/14/2011,6.56,103,2.6,7.3
12/15/2011,6.55,104,2.3,7.3
12/16/2011,6.47,103,2,7.3
12/17/2011,6.43,103,2.4,7.3
12/18/2011,6.35,103,2.6,7.3
12/19/2011,6.4,105,2.4,7.2
12/20/2011,6.37,107,2.4,7.2
12/21/2011,6.3,108,2.4,7.2
12/22/2011,6.23,107,2.1,7.2
12/23/2011,5.93,109,1.6,7.2
12/24/2011,6.06,107,1.8,7.1
12/25/2011,5.99,106,2,7.1
12/26/2011,5.98,107,2.2,7.1
12/27/2011,5.92,107,2.4,7.1
12/28/2011,5.88,107,3.1,7.1
12/29/2011,6.06,106,4.2,7
12/30/2011,5.89,107,4.2,7
12/31/2011,5.69,109,3.6,7
1/1/2012,5.58,110,4.7,7
1/2/2012,5.5,110,5.4,7.1
1/3/2012,5.47,109,5.3,7.1
1/4/2012,5.43,109,5.5,7.1
1/5/2012,5.37,110,5.4,7.1
1/6/2012,5.34,110,4.9,7.1
1/7/2012,5.34,110,4.3,7.1
1/8/2012,5.33,110,3.7,7.1
1/9/2012,5.27,111,3.9,7.1
1/10/2012,5.19,112,3.9,7.1
1/11/2012,5.19,112,4.2,7.1
1/12/2012,5.14,113,4,7
1/13/2012,5.07,114,3.6,7.1
1/14/2012,5.04,113,3.4,7.1
1/15/2012,5.01,114,3.3,7
1/16/2012,5.09,113,2.6,7
1/17/2012,4.7,115,1.4,7.5
1/18/2012,5.37,111,1.6,7.6
1/19/2012,5.19,111,2.4,7.6
1/20/2012,5.57,110,4.2,7.65
1/21/2012,66.9,49,3.9,
1/22/2012,15.4,74,2.6,
1/23/2012,46.4,53,3.6,
1/24/2012,21.2,65,3.3,
1/25/2012,16.4,68,3.9,
1/26/2012,15.3,68,4.6,
1/27/2012,14.2,70,5,
1/28/2012,12.9,72,4.4,
1/29/2012,12,74,4.2,
1/30/2012,11.4,75,4,
1/31/2012,11,76,5.2,
2/1/2012,10.8,78,5.3,
2/2/2012,10.5,79,4.9,
2/3/2012,10,81,4,
2/4/2012,9.55,82,3.2,
2/5/2012,9.2,83,2.9,
2/6/2012,8.96,83,3.2,
2/7/2012,8.92,83,4.5,
2/8/2012,8.79,83,4.9,
2/9/2012,8.53,84,5.4,
2/10/2012,8.42,85,5.4,
2/11/2012,9.67,83,4.8,
2/12/2012,10.4,79,4.5,
2/13/2012,11.6,77,2.7,7.2
2/14/2012,10.2,85,2.5,7.4
2/15/2012,9.93,87,1.7,7.4
2/16/2012,10.8,88,1.9,7.6
2/17/2012,11.4,79,2.8,7.6
2/18/2012,11.2,82,3.4,7.5
2/19/2012,11,83,3.8,7.5
2/20/2012,10.4,82,3.4,7.5
2/21/2012,10.5,83,4,7.5
2/22/2012,11.1,82,5,7.5
2/23/2012,12,78,5.1,7.4
2/24/2012,12.4,76,5.6,7.2
2/25/2012,12.6,76,5.4,7.3
2/26/2012,12.1,78,4.8,7.3
2/27/2012,11.7,79,3.7,7.3
2/28/2012,11.5,79,2.4,
2/29/2012,12,80,3.6,
3/1/2012,14.2,73,3,
3/2/2012,12.7,80,3.2,7.6
3/3/2012,13.2,76,4.6,7.6
3/4/2012,13.1,76,5.6,7.6
3/5/2012,12.8,77,6,7.6
3/6/2012,13,77,4.5,7.5
3/7/2012,12.2,79,2.6,7.5
3/8/2012,11.9,79,4.1,7.4
3/9/2012,11.6,80,5.2,7.4
3/10/2012,11.4,80,5.3,7.4
3/11/2012,11.2,81,5.3,7.4
3/12/2012,11.2,81,5.4,7.4
3/13/2012,11.1,82,5.8,7.4
3/14/2012,10.9,83,6,7.4
3/15/2012,11,82,6.8,7.4
3/16/2012,11.3,81,7,7.3
3/17/2012,15.9,70,3.7,7.4
3/18/2012,13,81,0.1,7.3
3/19/2012,15,72,0.6,7.4
3/20/2012,17.2,74,1,7.4
3/21/2012,22.3,65,2.5,7.4
3/22/2012,23.5,67,3.7,7.4
3/23/2012,25.4,67,4.1,7.4
3/24/2012,25.5,68,4.2,7.4
3/25/2012,26.5,68,3.8,7.4
3/26/2012,26.7,69,3.5,7.4
3/27/2012,25.5,70,4.5,7.4
3/28/2012,24.9,70,5,7.4
3/29/2012,26,69,5.8,7.4
3/30/2012,30.1,66,6.4,7.4
3/31/2012,38.3,61,6,7.4
4/1/2012,41.7,59,3.1,7.3
4/2/2012,36.3,63,4.6,7.4
4/3/2012,36.7,61,6,7.4
4/4/2012,35.2,60,5.5,7.3
4/5/2012,31.8,61,4.6,7.3
4/6/2012,27.8,63,2.9,7.3
4/7/2012,25.9,64,4.6,7.3
4/8/2012,25.4,64,6.3,7.3
4/9/2012,25.3,64,7,7.3
4/10/2012,25.2,63,7.3,7.3
4/11/2012,29.6,61,5.2,7.3
4/12/2012,27.4,62,4.5,7.3
4/13/2012,31,62,1.4,7.3
4/14/2012,28.9,64,0.9,7.2
4/15/2012,35.6,65,3.3,7.2
4/16/2012,42.9,62,5.1,7.2
4/17/2012,49.6,61,5.9,7.2
4/18/2012,54.6,57,6.7,7.4
4/19/2012,60.2,55,7.6,7.4
4/20/2012,70,50,8.3,7.4
4/21/2012,71.5,47,9.1,7.4
4/22/2012,68.7,46,9.8,7.3
4/23/2012,65.1,46,10.4,7.3
4/24/2012,60.6,47,9.4,7.3
4/25/2012,54.7,49,9.3,7.3
4/26/2012,77.1,43,8.4,7.3
4/27/2012,67.6,45,7.4,7.4
4/28/2012,57.8,48,8,7.3
4/29/2012,52.7,49,9.3,7.3
4/30/2012,49,50,9.8,7.3
5/1/2012,46.7,50,10,7.3
5/2/2012,44.1,51,9.5,7.3
5/3/2012,41.1,51,9.5,7.3
5/4/2012,39.1,52,9.1,7.4
5/5/2012,36.9,53,8.9,7.4
5/6/2012,34.2,54,9,7.4
5/7/2012,32.3,54,9.7,7.4
5/8/2012,30.4,55,10.4,7.4
5/9/2012,29,56,10.5,7.4
5/10/2012,27.8,57,11.3,7.4
5/11/2012,26.7,57,11.5,7.4
5/12/2012,25.5,57,11.6,7.4
5/13/2012,24.4,58,12.5,7.4
5/14/2012,23.4,60,12.5,7.4
5/15/2012,22.7,61,11.5,7.4
5/16/2012,21.8,59,12,7.5
5/17/2012,20.8,61,13,7.4
5/18/2012,20.3,61,11.6,7.4
5/19/2012,19.6,62,11.5,7.4
5/20/2012,18.5,64,12.5,7.4
5/21/2012,17.7,64,13.3,7.4
5/22/2012,17.2,65,13.8,7.4
5/23/2012,16.9,65,12.8,7.4
5/24/2012,16.4,66,11.7,7.4
5/25/2012,16.3,66,9.3,7.5
5/26/2012,16.9,64,7.2,7.5
5/27/2012,16.2,65,8.2,7.5
5/28/2012,15.3,67,10,7.4
5/29/2012,14.5,68,11.2,7.4
5/30/2012,13.9,70,12.1,7.4
5/31/2012,13.3,72,13.5,7.4
6/1/2012,12.7,74,14.5,7.4
6/2/2012,12.2,75,15.1,7.4
6/3/2012,12,76,14.9,7.4
6/4/2012,11.8,77,14.3,7.4
6/5/2012,12.5,76,10.7,7.4
6/6/2012,12.2,77,9.5,7.4
6/7/2012,11.5,76,11.1,7.4
6/8/2012,11,79,12.6,7.4
6/9/2012,10.8,79,12.9,7.4
6/10/2012,10.4,81,12.5,7.3
6/11/2012,9.9,83,13,7.3
6/12/2012,9.51,85,13.5,7.3
6/13/2012,9.3,85,14.1,7.3
6/14/2012,9.18,86,14.8,7.3
6/15/2012,9.02,87,15.6,7.3
6/16/2012,8.63,88,16,7.3
6/17/2012,8.12,92,16.2,7.2
6/18/2012,7.9,93,15.8,7.2
6/19/2012,7.79,93,15.3,7.2
6/20/2012,7.66,93,15,7.2
6/21/2012,7.44,94,15.6,7.2
6/22/2012,7.35,95,14.8,7.2
6/23/2012,7.42,95,13.9,7.2
6/24/2012,7.29,95,14,7.2
6/25/2012,7.11,97,13.7,7.2
6/26/2012,7.19,97,13.6,7.2
6/27/2012,6.97,98,13.7,7.2
6/28/2012,6.66,99,14.4,7.2
6/29/2012,6.54,100,15,7.2
6/30/2012,6.57,101,15.2,7.2
7/1/2012,6.65,101,15.2,7.2
7/2/2012,6.77,99,15.9,7.1
7/3/2012,6.45,101,16.6,7.1
7/4/2012,6.17,103,16.5,7.1
7/5/2012,5.98,106,16.4,7.1
7/6/2012,5.8,107,16.4,7.1
7/7/2012,5.63,109,16.4,7.2
7/8/2012,5.45,110,16.5,7.2
7/9/2012,5.27,111,16.7,7
7/10/2012,5.1,111,17.3,7.2
7/11/2012,4.92,113,18.1,7.2
7/12/2012,4.92,113,18,7.2
7/13/2012,4.92,113,18.3,7.1
7/14/2012,4.69,114,17.7,7.1
7/15/2012,4.56,115,16.7,7.1
7/16/2012,4.49,115,16.1,7.1
7/17/2012,4.54,114,15.6,7.1
7/18/2012,4.53,115,15.6,7.2
7/19/2012,4.4,116,15.6,7.2
7/20/2012,4.34,117,15.8,7.2
7/21/2012,4.16,121,17,7.2
7/22/2012,4.02,121,18.1,7.1
7/23/2012,3.88,121,18.5,7.2
7/24/2012,3.7,122,17.3,7.2
7/25/2012,3.62,124,16.5,7.2
7/26/2012,3.64,122,16.3,7.2
7/27/2012,3.63,123,16.2,7.2
7/28/2012,3.64,123,16.1,7.2
7/29/2012,3.59,123,16.1,7.2
7/30/2012,3.47,124,16.3,7.2
7/31/2012,3.39,125,16.9,7.2
8/1/2012,3.29,124,17.2,7.2
8/2/2012,3.09,123,17.2,7.2
8/3/2012,3.03,124,17.1,7.2
8/4/2012,3.03,125,17.1,7.2
8/5/2012,3.08,126,17.2,7.2
8/6/2012,3.01,128,17.7,7.2
8/7/2012,2.96,129,17.8,7.2
8/8/2012,2.88,130,18,7.2
8/9/2012,2.8,131,18.3,7.1
8/10/2012,2.71,133,18.8,7.1
8/11/2012,2.71,133,18.8,7.1
8/12/2012,2.68,131,19.1,7.1
8/13/2012,2.79,128,19,7.1
8/14/2012,3.11,128,18.8,7.1
8/15/2012,3.29,124,18.7,7.1
8/16/2012,2.81,134,18.6,7.1
8/17/2012,2.78,133,18,7.1
8/18/2012,2.81,132,18,7.1
8/19/2012,2.67,132,18.1,7.1
8/20/2012,2.59,134,18,7.1
8/21/2012,2.51,137,17.7,7.1
8/22/2012,2.41,137,17.3,7.1
8/23/2012,2.43,136,16.9,7.1
8/24/2012,2.42,137,17,7.1
8/25/2012,2.39,136,17,7.1
8/26/2012,2.39,136,16.6,7.1
8/27/2012,2.35,138,15.7,7.1
8/28/2012,2.33,140,15.5,7.1
8/29/2012,2.43,139,16.5,7.1
8/30/2012,2.44,139,16.8,7.1
8/31/2012,2.44,140,16.2,7.1
9/1/2012,2.46,139,15.2,7.1
9/2/2012,2.48,139,14.8,7.1
9/3/2012,2.4,140,15,7.1
9/4/2012,2.36,141,15.3,7.1
9/5/2012,2.45,142,15.7,7.2
9/6/2012,2.6,141,15.6,7.2
9/7/2012,2.64,140,16.2,7.2
9/8/2012,2.5,142,16.9,7.2
9/9/2012,2.39,146,17.2,7.2
9/10/2012,2.34,145,17.1,7.2
9/11/2012,2.35,146,16.7,7.2
9/12/2012,2.42,145,16.4,7.2
9/13/2012,2.35,148,16.1,7.2
9/14/2012,2.22,151,15.7,7.2
9/15/2012,2.19,152,15.6,7.2
9/16/2012,2.23,151,15.5,7.1
9/17/2012,2.27,151,15.2,7.1
9/18/2012,2.3,150,14.9,7.1
9/19/2012,2.26,151,14.9,7.1
9/20/2012,2.25,152,15.1,7.1
9/21/2012,2.24,152,15.3,7.1
9/22/2012,2.23,152,15.2,7.1
9/23/2012,2.26,152,15.2,7.1
9/24/2012,2.23,151,14.7,7.1
9/25/2012,2.26,152,13.8,7.1
9/26/2012,2.33,151,13.9,7.1
9/27/2012,2.25,151,14.4,7.1
9/28/2012,2.26,152,14.6,7.1
9/29/2012,2.28,150,14.7,7.1
9/30/2012,2.26,150,14.8,7.1
10/1/2012,2.18,151,14.8,7.1
10/2/2012,2.14,152,14.8,7.1
10/3/2012,2.16,153,14.5,7.1
10/4/2012,2.23,154,14,7.1
10/5/2012,2.39,153,13.4,7.1
10/6/2012,2.47,151,12.9,7
10/7/2012,2.53,149,12.6,7
10/8/2012,2.56,150,12.3,7
10/9/2012,2.71,145,12.1,7
10/10/2012,2.8,144,11.2,7
10/11/2012,3.47,140,10.6,7
10/12/2012,6.04,114,9.6,7.1
10/13/2012,4.4,128,9.3,7
10/14/2012,3.77,133,11.2,7
10/15/2012,3.48,139,12,7
10/16/2012,3.45,140,12.3,7
10/17/2012,3.42,139,12.8,7
10/18/2012,3.26,142,13,7.1
10/19/2012,3.31,142,12.8,7.1
10/20/2012,3.47,140,12.8,7.1
10/21/2012,3.69,137,12.4,7.1
10/22/2012,4.13,135,10.8,7.2
10/23/2012,4.71,124,9.3,7.2
10/24/2012,4.26,128,8.3,7.2
10/25/2012,4.17,130,7.8,7.2
10/26/2012,4.05,132,8.4,7.2
10/27/2012,3.88,134,9,7.2
10/28/2012,3.65,137,9.6,7.1
10/29/2012,3.52,140,9.7,7.1
10/30/2012,3.49,140,9.8,7.1
10/31/2012,3.56,141,9.7,7.1
11/1/2012,3.55,141,9.6,7.1
11/2/2012,3.74,138,9.5,7.1
11/3/2012,3.71,138,9.2,7.1
11/4/2012,3.57,139,9.6,7.1
11/5/2012,3.5,141,9.9,7.1
11/6/2012,3.43,142,10.1,7.1
11/7/2012,3.52,143,10,7.1
11/8/2012,3.68,140,9.5,7.1
11/9/2012,4.65,125,7.6,7.2
11/10/2012,4.88,123,4.8,7.2
11/11/2012,4.66,124,3.7,7.2
11/12/2012,4.79,123,4.4,7.2
11/13/2012,4.83,116,5.3,7.2
11/14/2012,4.63,117,5.8,7.2
11/15/2012,4.63,118,6.4,7.2
11/16/2012,5.46,115,8,7.2
11/17/2012,7.41,103,8.4,7.2
11/18/2012,8.5,93,8.2,7.2
11/19/2012,4.8,114,7.2,7.2
11/20/2012,4.35,121,7,7.2
11/21/2012,4.18,124,6.8,7.2
11/22/2012,4.08,125,6.8,7.2
11/23/2012,4,126,7,7.2
11/24/2012,4.09,127,6.9,7.2
11/25/2012,4.19,128,6.6,7.2
11/26/2012,4.21,128,6.3,7.2
11/27/2012,4.2,128,7.3,7.2
11/28/2012,5.43,127,7.7,7.2
11/29/2012,7.52,101,8.7,7.2
11/30/2012,6.72,104,8.6,7.3
12/1/2012,8.2,98,8.9,7.3
12/2/2012,36.4,69,8.8,7.3
12/3/2012,21.7,62,8,7.4
12/4/2012,8.63,83,6.9,7.3
12/5/2012,6.61,97,6.9,7.3
12/6/2012,5.93,,7.35,
12/7/2012,5.58,104,7.5,7.1
12/8/2012,5.27,108,5.8,7.1
12/9/2012,5.07,110,5.1,7
12/10/2012,4.88,112,5.3,7
12/11/2012,4.75,113,5.1,7
12/12/2012,4.87,113,5,7
12/13/2012,5.8,103,4,7.1
12/14/2012,5.35,106,3.3,7.1
12/15/2012,5.05,109,2.8,7.1
12/16/2012,5.13,109,2.9,7.1
12/17/2012,5.94,104,4,7.1
12/18/2012,21.3,66,3.3,7.2
12/19/2012,7.54,95,1.4,7.1
12/20/2012,6.37,102,1.8,7.1
12/21/2012,5.91,104,2.2,7.1
12/22/2012,8.56,104,2.5,7.1
12/23/2012,19.5,72,3.3,7.2
12/24/2012,60.3,42,3.6,7.1
12/25/2012,16.3,63,3.2,7.2
12/26/2012,14.8,69,1.3,7.2
12/27/2012,12,76,1.1,7.2
12/28/2012,9.97,82,1.3,7.1
12/29/2012,9.27,86,1.8,7.1
12/30/2012,8.76,88,1.7,7.2
12/31/2012,8.16,91,1.6,7.2
1/1/2013,7.88,92,1.6,7.2
1/2/2013,7.76,92,1.5,7.2
1/3/2013,7.82,91,1.7,7.2
1/4/2013,7.81,91,1.8,7.2
1/5/2013,7.95,91,2.4,7.2
1/6/2013,8.78,85,1.7,7.2
1/7/2013,8.16,87,1.7,7.2
1/8/2013,8.44,86,2.5,7.2
1/9/2013,9.63,81,3.4,7.3
1/10/2013,10.5,77,0.8,7.3
1/11/2013,9.37,84,0.6,7.2
1/12/2013,8.51,91,0.6,7.2
1/13/2013,8.18,95,0.7,7.2
1/14/2013,7.82,98,0.6,7.2
1/15/2013,8.16,94,0.9,7.2
1/16/2013,8.65,89,0.9,7.2
1/17/2013,9.04,88,1.3,7.2
1/18/2013,9.24,86,1.8,7.2
1/19/2013,9.32,86,2.1,7.2
1/20/2013,9.39,86,2.3,7.2
1/21/2013,9.58,85,2.6,7.2
1/22/2013,10.1,83,3,7.2
1/23/2013,11.3,80,4,7.2
1/24/2013,36.3,49,4.4,7.2
1/25/2013,25.8,56,5,7.2
1/26/2013,31.2,53,5,7.2
1/27/2013,26.7,55,3.3,7.3
1/28/2013,20.1,63,2.3,7.2
1/29/2013,16.9,68,2.2,7.2
1/30/2013,16.1,69,3.6,7.2
1/31/2013,15.2,71,4,7.2
2/1/2013,14.7,72,4.2,7.2
2/2/2013,14.7,72,4.6,7.2
2/3/2013,14.7,72,5,7.2
2/4/2013,14.1,73,4.5,7.2
2/5/2013,13.9,73,4.8,7.1
2/6/2013,13.3,74,4.2,7.1
2/7/2013,12.3,76,3,7.1
2/8/2013,13,74,0.7,7.1
2/9/2013,13.1,73,0.9,7.1
2/10/2013,11.7,78,0.9,7.1
2/11/2013,11.3,79,1.3,7.1
2/12/2013,11.2,80,1.8,7.1
2/13/2013,11.3,79,2.3,7.1
2/14/2013,11.5,79,3,7.1
2/15/2013,11.5,78,3.6,7.1
2/16/2013,11.6,78,3.7,7.1
2/17/2013,11.5,79,3.7,7.1
2/18/2013,11.5,79,3.9,7.1
2/19/2013,12,79,3.1,7.1
2/20/2013,11.9,79,0.8,7.1
2/21/2013,11.3,80,1.1,7
2/22/2013,11.2,81,2,7
2/23/2013,11.1,81,2.3,7
2/24/2013,10.5,82,3.1,7
2/25/2013,10.2,83,3.1,7
2/26/2013,10.2,83,3.4,7
2/27/2013,9.98,83,3.7,7.2
2/28/2013,9.87,83,4.3,7.2
3/1/2013,10.3,82,5.2,7.2
3/2/2013,11.2,78,6,7.2
3/3/2013,12,76,6,7.3
3/4/2013,12,76,6.1,7.2
3/5/2013,11.9,76,6.2,7.2
3/6/2013,12,74,5.5,7.2
3/7/2013,11.2,76,4.7,7.2
3/8/2013,11.3,76,3.6,7.2
3/9/2013,11.4,76,3.4,7.2
3/10/2013,11.2,78,4.3,7.2
3/11/2013,11.3,76,5.1,7.2
3/12/2013,11.4,76,6,7.2
3/13/2013,12.5,73,7,7.2
3/14/2013,13.9,68,8.1,7.2
3/15/2013,14.9,66,8.6,7.2
3/16/2013,15.3,63,9.1,7.2
3/17/2013,15.1,63,8.4,7.2
3/18/2013,14.1,64,7.4,7.2
3/19/2013,13.3,66,7.2,7.2
3/20/2013,13.3,66,8,7.2
3/21/2013,13.2,65,8.1,7.2
3/22/2013,12.8,66,7.1,7.2
3/23/2013,12.1,68,6.2,7.2
3/24/2013,11.5,69,6.3,7.2
3/25/2013,11.3,69,7.3,7.2
3/26/2013,11.1,70,7.5,7.2
3/27/2013,11.1,69,8.3,7.2
3/28/2013,11,69,8.3,7.2
3/29/2013,10.7,69,8.3,7.2
3/30/2013,10.8,69,9.6,7.1
3/31/2013,12.7,66,9.4,7.2
4/1/2013,14.2,64,7.6,7.2
4/2/2013,12.2,67,7.6,7.2
4/3/2013,11.5,68,8,7.2
4/4/2013,11.2,69,9.3,7.2
4/5/2013,11.4,69,9,7.2
4/6/2013,11.3,69,8.8,7.2
4/7/2013,11.2,69,9.7,7.2
4/8/2013,12.9,64,5.9,7.2
4/9/2013,12.1,67,5.4,7.2
4/10/2013,11.8,67,6.4,7.2
4/11/2013,11.3,67,8.2,7.1
4/12/2013,10.8,68,9.5,7.1
4/13/2013,10.5,69,10.4,7.1
4/14/2013,10.4,69,10.3,7.1
4/15/2013,10.4,69,8.1,7.1
4/16/2013,10.2,70,6.1,7.1
4/17/2013,9.92,71,5.2,7.1
4/18/2013,9.5,72,6.1,7.1
4/19/2013,9.05,74,7.6,7.1
4/20/2013,8.8,76,9.2,7.1
4/21/2013,8.57,77,10.4,7.1
4/22/2013,8.37,79,11.4,7.1
4/23/2013,8.23,80,11.7,7.1
4/24/2013,8,81,11.6,7.1
4/25/2013,7.84,82,11.4,7.1
4/26/2013,7.78,82,11.6,7.1
4/27/2013,7.5,83,12.5,7.1
4/28/2013,7.33,86,13.3,7.1
4/29/2013,7.23,86,14,7.1
4/30/2013,7.08,87,13.9,7.1
5/1/2013,6.89,89,13.2,7.1
5/2/2013,6.52,90,12.5,7
5/3/2013,6.31,92,12.3,7
5/4/2013,6.19,92,12.7,7.1
5/5/2013,6.11,93,11.9,7
5/6/2013,7.16,91,10.9,7.1
5/7/2013,8.36,87,9.3,7.1
5/8/2013,8.98,84,9,7.1
5/9/2013,8.75,85,10.2,7.1
5/10/2013,7.96,89,11.4,7.1
5/11/2013,7.25,93,13,7.1
5/12/2013,6.77,96,14.7,7
5/13/2013,6.43,99,15.5,7
5/14/2013,6.15,100,15,7
5/15/2013,6.12,101,14.5,7
5/16/2013,6.15,101,13.1,7.1
5/17/2013,6.48,99,11.8,7.1
5/18/2013,6.38,99,11.3,7.1
5/19/2013,6.01,102,12,7.1
5/20/2013,5.78,103,13.2,7.1
5/21/2013,5.49,105,13.4,7.1
5/22/2013,5.46,105,12.4,7.1
5/23/2013,5.54,105,11.1,7.1
5/24/2013,5.45,105,10.7,7.1
5/25/2013,5.31,106,11.6,7.1
5/26/2013,5.25,106,11.9,7.1
5/27/2013,5.27,107,12.2,7.1
5/28/2013,5.51,105,11.5,7.1
5/29/2013,5.64,104,12.4,7.1
5/30/2013,5.4,106,13.6,7.1
5/31/2013,4.97,108,14.1,7.1
6/1/2013,4.68,111,14.5,7.1
6/2/2013,4.48,113,14.9,7.1
6/3/2013,4.36,115,15.7,7.1
6/4/2013,4.35,116,16.2,7.1
6/5/2013,4.27,116,16.7,7.1
6/6/2013,4.16,118,17.2,7
6/7/2013,3.99,121,17.6,7
6/8/2013,3.76,124,17.9,7.1
6/9/2013,3.67,125,18.6,7.1
6/10/2013,3.7,125,17,7
6/11/2013,3.77,125,16.3,7
6/12/2013,3.57,128,16.6,7
6/13/2013,3.54,128,15.8,6.9
6/14/2013,3.53,129,15.1,6.9
6/15/2013,3.47,130,15.1,6.9
6/16/2013,3.41,133,15.2,6.9
6/17/2013,3.41,131,15.4,6.9
6/18/2013,3.38,131,15.3,6.9
6/19/2013,3.43,129,14.5,6.9
6/20/2013,3.44,130,14.1,7
6/21/2013,3.36,130,14.3,6.9
6/22/2013,3.27,132,14.8,6.9
6/23/2013,3.2,130,15,7
6/24/2013,3.41,127,14.4,7
6/25/2013,3.66,123,15.6,7
6/26/2013,3.37,126,17,7
6/27/2013,3.2,127,18.1,7.1
6/28/2013,2.99,130,18.9,7.1
6/29/2013,2.75,132,19.3,7.1
6/30/2013,2.59,136,19.6,7.1
7/1/2013,2.48,137,19.2,7.1
7/2/2013,2.47,138,18.9,7.1
7/3/2013,2.35,139,18.9,7.1
7/4/2013,2.33,142,19.7,7
7/5/2013,2.25,141,19.5,7
7/6/2013,2.24,142,18.7,7
7/7/2013,2.09,145,18,7.1
7/8/2013,1.95,148,17.4,7
7/9/2013,1.91,149,17.5,7
7/10/2013,1.96,146.5,17,7.1
7/11/2013,2.25,,16.9,
7/12/2013,2.02,,16.6,
7/13/2013,1.87,,16.8,
7/14/2013,1.8,,16.6,
7/15/2013,1.78,,16.6,
7/16/2013,1.76,,16.6,
7/17/2013,1.76,,16.6,
7/18/2013,1.74,,16.8,
7/19/2013,1.67,151,17.6,7.2
7/20/2013,1.59,155,18.2,7.2
7/21/2013,1.6,156,18.5,7.2
7/22/2013,2.85,142,18.5,7.2
7/23/2013,2.89,121,18.9,7.3
7/24/2013,1.81,138,18.8,7.2
7/25/2013,1.63,148,18.8,7.2
7/26/2013,1.56,149,18.6,7.2
7/27/2013,1.68,146,19,7.2
7/28/2013,1.56,152,18.6,7.1
7/29/2013,1.45,161,18,7.1
7/30/2013,1.45,161,17.7,7.1
7/31/2013,1.42,162,17.4,7.1
8/1/2013,1.42,161,16.7,7.1
8/2/2013,1.43,160,16,7.1
8/3/2013,1.43,161,16.2,7.1
8/4/2013,1.39,162,16.3,7.1
8/5/2013,1.37,164,16.4,7.1
8/6/2013,1.4,163,16.6,7.2
8/7/2013,1.43,163,16.2,7.2
8/8/2013,1.51,156,15.8,7.2
8/9/2013,1.55,158,15.8,7.2
8/10/2013,1.54,156,15.8,7.2
8/11/2013,1.53,158,15.9,7.2
8/12/2013,1.51,158,16.3,7.2
8/13/2013,1.45,162,16.6,7.2
8/14/2013,1.38,164,16.7,7.2
8/15/2013,1.33,166,16.8,7.2
8/16/2013,1.31,167,17.2,7.2
8/17/2013,1.33,168,17.4,7.2
8/18/2013,1.31,168,17.2,7.2
8/19/2013,1.36,172,17.5,7.2
8/20/2013,1.78,149,18,7.3
8/21/2013,1.43,160,18,7.2
8/22/2013,1.35,166,17.7,7.2
8/23/2013,1.32,170,16.9,7.2
8/24/2013,1.38,168,16.5,7.2
8/25/2013,1.38,166,16.2,7.2
8/26/2013,1.36,166,16.3,7.2
8/27/2013,1.43,166,17.1,7.2
8/28/2013,1.49,161,17.2,7.2
8/29/2013,1.39,163,17.6,7.1
8/30/2013,1.34,165,17.8,7.2
8/31/2013,1.31,168,17.6,7.1
9/1/2013,1.28,173,17.6,7.2
9/2/2013,1.43,167,18.4,7.2
9/3/2013,1.4,167,18.3,7.1
9/4/2013,1.37,168,17.9,7.1
9/5/2013,1.33,169,17.6,7.1
9/6/2013,1.28,171,17.2,7.1
9/7/2013,1.24,176,16.7,7.1
9/8/2013,1.23,175,16.5,7.1
9/9/2013,1.26,174,16.7,7.1
9/10/2013,1.3,172,16.6,7.1
9/11/2013,1.31,171,16.2,7.1
9/12/2013,1.38,169,16,7.1
9/13/2013,1.4,166,16.4,7.2
9/14/2013,1.37,167,16.8,7.2
9/15/2013,1.29,169,16.6,7.2
9/16/2013,1.23,175,16.2,7.1
9/17/2013,1.28,175,15.4,7.1
9/18/2013,1.43,169,14.6,7.1
9/19/2013,1.41,167,14.3,7.1
9/20/2013,1.29,170,14.4,7.1
9/21/2013,1.37,171,14.1,7.1
9/22/2013,1.79,155,12.8,7.2
9/23/2013,1.88,150,12.7,7.2
9/24/2013,1.53,159,13.1,7.1
9/25/2013,1.62,163,12.2,7.1
9/26/2013,1.93,152,10.9,7.1
9/27/2013,1.93,152,10.5,7.1
9/28/2013,1.77,154,11,7.1
9/29/2013,1.63,159,11.5,7.1
9/30/2013,1.62,160,12,7.1
10/1/2013,1.68,161,12.6,7.1
10/2/2013,1.71,156,12.6,7.2
10/3/2013,1.78,156,11.9,7.2
10/4/2013,1.75,159,11,7.2
10/5/2013,1.64,162,10.8,7.1
10/6/2013,1.62,167,11,7.1
10/7/2013,1.59,168,10.9,7.1
10/8/2013,1.6,171,10.7,7.1
10/9/2013,1.91,168,9.8,7.1
10/10/2013,2.32,144,8.5,7.2
10/11/2013,2.25,143,9.2,7.2
10/12/2013,2.03,146,9.6,7.2
10/13/2013,1.99,147,9.5,7.2
10/14/2013,2.03,147,9.6,7.2
10/15/2013,1.94,152,9.8,7.1
10/16/2013,1.91,154,9.6,7.1
10/17/2013,1.85,155,9.6,7.1
10/18/2013,1.87,158,9.9,7.1
10/19/2013,1.82,162,10.1,7.1
10/20/2013,1.82,159,9.9,7.1
10/21/2013,1.83,159,10.1,7.1
10/22/2013,1.8,163,10.3,7.1
10/23/2013,1.83,164,10.2,7.1
10/24/2013,1.88,164,10.2,7
10/25/2013,1.94,162,10.1,7
10/26/2013,1.95,165,10.3,7
10/27/2013,1.95,168,10.2,7
10/28/2013,3.41,162,9,7
10/29/2013,3.73,123,6.7,7
10/30/2013,3.05,126,6.9,7
10/31/2013,3.05,129,7.1,7
11/1/2013,2.72,132,7.8,7
11/2/2013,2.6,134,7.9,7
11/3/2013,2.42,134,7.8,7.1
11/4/2013,2.35,136,7.4,7.1
11/5/2013,2.23,137,6.6,7.1
11/6/2013,2.11,139,7.1,7.1
11/7/2013,2.09,140,8,7.1
11/8/2013,2.12,140,7.8,7.1
11/9/2013,2.07,142,7.8,7.1
11/10/2013,2.08,142,7.9,7.1
11/11/2013,2.13,145,8.1,7.1
11/12/2013,2.22,146,8.9,7
11/13/2013,2.33,143,8.7,7
11/14/2013,2.26,146,8.7,7
11/15/2013,2.29,147,8.3,7.1
11/16/2013,2.44,145,7.7,7.1
11/17/2013,2.49,143,7.1,7.1
11/18/2013,2.45,143,7.2,7.1
11/19/2013,2.49,143,7.1,7.1
11/20/2013,2.65,139,8.1,7.1
11/21/2013,4.58,117,8,7.2
11/22/2013,3.83,121,7.5,7.2
11/23/2013,3.09,128,7.3,7.2
11/24/2013,2.94,131,6.8,7.2
11/25/2013,2.79,134,6.3,7.1
11/26/2013,2.7,136,6.8,7.1
11/27/2013,2.5,139,7.5,7.1
11/28/2013,2.44,141,7.3,7.1
11/29/2013,2.43,141,6.9,7.1
11/30/2013,2.41,142,6.5,7.1
12/1/2013,2.4,141,6.3,7.1
12/2/2013,2.36,142,6.2,7.1
12/3/2013,3.07,142,5.8,7.1
12/4/2013,3.72,120,4.3,7.2
12/5/2013,2.53,133,2.8,7.1
12/6/2013,2.34,137,1.8,7.1
12/7/2013,2.58,134,1.1,7.1
12/8/2013,2.86,132,1.1,7.1
12/9/2013,2.78,132,1.2,7
12/10/2013,2.91,130,1.5,7
12/11/2013,2.98,126,1.8,7
12/12/2013,2.99,126,1.9,7
12/13/2013,2.88,124,2,7
12/14/2013,2.87,124,2.2,7
12/15/2013,3.07,122,2.8,7
12/16/2013,3.65,115,3.8,7
12/17/2013,3.89,112,4.9,7
12/18/2013,3.84,112,5.9,7
12/19/2013,3.39,118,4.8,7
12/20/2013,2.95,122,4,7
12/21/2013,2.8,126,3.5,7
12/22/2013,2.71,128,4,7
12/23/2013,2.65,130,4.4,7
12/24/2013,2.64,130,4.8,7
12/25/2013,2.6,133,4.9,7
12/26/2013,2.53,135,4.6,7
12/27/2013,2.45,136,4.9,7
12/28/2013,2.43,137,4.8,7
12/29/2013,2.38,139,4.2,7
12/30/2013,2.34,139,4.4,7
12/31/2013,2.35,139,4.3,7
1/1/2014,2.34,138,4.6,7
1/2/2014,2.33,139,5,7
1/3/2014,2.35,138,5.5,7
1/4/2014,2.34,138,5.3,7
1/5/2014,2.22,138,5,7
1/6/2014,2.17,137,5.2,7.1
1/7/2014,2.16,138,5,7.1
1/8/2014,2.19,138,4.4,7.1
1/9/2014,2.21,137,4.1,7.1
1/10/2014,2.24,137,4.1,7.1
1/11/2014,2.23,137,4.8,7.1
1/12/2014,2.26,137,4.8,7.1
1/13/2014,2.25,138,4.3,7.1
1/14/2014,2.19,139,4.6,7.2
1/15/2014,2.12,139,5,7
1/16/2014,2.09,140,5.2,7
1/17/2014,2.05,141,5.2,7
1/18/2014,2.02,141,5,7
1/19/2014,2.01,142,5.3,7
1/20/2014,1.96,142,5.2,7
1/21/2014,1.95,142,5.3,7
1/22/2014,1.95,143,5.3,7
1/23/2014,1.91,146,6,7
1/24/2014,1.9,147,7.4,7
1/25/2014,1.96,143,7.2,7
1/26/2014,1.97,144,6.4,7
1/27/2014,2.02,143,6,7
1/28/2014,2.01,144,5.8,7
1/29/2014,2.06,143,6.5,7
1/30/2014,8.24,122,6.3,7.1
1/31/2014,6.87,94,4.5,7
2/1/2014,3.89,116,4.3,7
2/2/2014,3.31,129,3.8,7
2/3/2014,3.14,133,3.7,7
2/4/2014,3.06,135,4.3,7
2/5/2014,3.03,136,4.2,7
2/6/2014,4.29,131,3.8,7
2/7/2014,5.94,108,3.9,7
2/8/2014,7.56,,4.8,7
2/9/2014,6.13,94,6,7
2/10/2014,6.41,92,6.8,7
2/11/2014,5.18,99,6.5,7
2/12/2014,4.34,109,6.4,6.9
2/13/2014,4.19,112,6.8,7
2/14/2014,4.06,113,7.2,7
2/15/2014,3.89,115,7.5,6.9
2/16/2014,3.69,118,7.9,6.9
2/17/2014,3.54,121,8.1,6.9
2/18/2014,3.35,122,7.7,7
2/19/2014,3.32,124,7.4,7
2/20/2014,3.3,126,7.1,6.9
2/21/2014,3.18,129,6.8,6.9
2/22/2014,3.1,131,7.1,6.9
2/23/2014,3.07,131,7.4,6.9
2/24/2014,3.04,133,7.7,6.9
2/25/2014,2.97,134,8.2,6.9
2/26/2014,3.12,131,8,7
2/27/2014,11.9,77,7.7,7.1
2/28/2014,19.4,63,6.9,7.1
3/1/2014,11.3,75,5.4,7.1
3/2/2014,7.25,89,6.2,7
3/3/2014,6.39,93,7.6,7
3/4/2014,5.89,96,7.7,7
3/5/2014,5.18,100,8.5,7
3/6/2014,4.78,105,9.1,7
3/7/2014,4.71,105,8.6,7
3/8/2014,4.23,109,8.2,7
3/9/2014,3.94,113,9,7
3/10/2014,3.81,115,8.6,7
3/11/2014,3.71,116,8.3,7
3/12/2014,3.48,118,8.1,7
3/13/2014,3.34,121,7.8,7
3/14/2014,3.24,122,7.9,7
3/15/2014,3.2,125,8.7,7
3/16/2014,3.13,126,9.4,7
3/17/2014,3.09,127,9.3,7
3/18/2014,3.07,126,8.8,7
3/19/2014,2.99,127,8.7,7
3/20/2014,2.84,128,8.7,7
3/21/2014,2.74,129,9.4,7
3/22/2014,2.73,129,9.4,7
3/23/2014,2.67,129,9.6,7
3/24/2014,2.59,131,9.9,7
3/25/2014,2.54,132,10.2,7
3/26/2014,5,104,7.8,7.1
3/27/2014,5.3,99,6.2,7.1
3/28/2014,4.48,107,7.4,7.1
3/29/2014,4.59,101,8.4,7.1
3/30/2014,7.97,83,6.9,7.2
3/31/2014,6.37,93,5.6,7.1
4/1/2014,7.97,86,4.6,7.1
4/2/2014,7.27,89,3.9,7.1
4/3/2014,6.86,96,5.3,7.1
4/4/2014,7.83,86,6.2,7.1
4/5/2014,6.75,91,6.1,7.1
4/6/2014,6.52,95,6.7,7.1
4/7/2014,9.23,82,8.3,7.2
4/8/2014,10.8,72,9.1,7.2
4/9/2014,10.4,70,9.6,7.1
4/10/2014,9.28,72,9.7,7.1
4/11/2014,8.54,73,10.6,7.1
4/12/2014,8.14,75,10.9,7.1
4/13/2014,7.85,76,11,7.1
4/14/2014,7.21,79,11.7,7.1
4/15/2014,6.75,85,11.8,7
4/16/2014,6.25,87,11.6,7
4/17/2014,5.83,90,11.9,7.1
4/18/2014,5.66,92,11.9,7.1
4/19/2014,5.55,93,12.1,7.1
4/20/2014,5.2,97,12.3,7
4/21/2014,4.86,102,12.2,7
4/22/2014,4.76,101,10.8,7.1
4/23/2014,4.68,102,9.2,7.1
4/24/2014,4.51,104,9.8,7.1
4/25/2014,7.15,104,9.5,7.1
4/26/2014,9.2,79,5,7.1
4/27/2014,7.8,87,5.8,7.1
4/28/2014,9.28,80,7.2,7.2
4/29/2014,9.44,79,9,7.2
4/30/2014,9.24,77,10.6,7.2
5/1/2014,7.79,80,11.4,7.1
5/2/2014,6.79,86,12.5,7.1
5/3/2014,6.14,91,12.9,7.1
5/4/2014,5.76,93,12.7,7.1
5/5/2014,5.76,95,11.9,7.1
5/6/2014,8.4,80,8.4,7.2
5/7/2014,7.58,84,8.2,7.1
5/8/2014,7.12,85,10,7.1
5/9/2014,6.73,87,10.2,7.1
5/10/2014,6.52,88,9.8,7.1
5/11/2014,6.12,91,9.1,7.1
5/12/2014,5.82,94,10.1,7.1
5/13/2014,5.44,97,11.4,7.1
5/14/2014,5.1,100,12.4,7.1
5/15/2014,4.84,102,13.4,7.1
5/16/2014,4.64,104,14.2,7.1
5/17/2014,4.46,105,14,7.1
5/18/2014,4.54,105,13.3,7.2
5/19/2014,4.57,105,12.6,7.2
5/20/2014,5.36,104,10.6,7.2
5/21/2014,5.57,99,9.6,7.1
5/22/2014,5.26,101,10.5,7.1
5/23/2014,4.99,102,11.5,7.1
5/24/2014,4.37,107,13.9,7.1
5/25/2014,4.16,115,15.2,7.1
5/26/2014,3.9,116,16.2,7.1
5/27/2014,3.7,117,16.1,7.1
5/28/2014,3.61,119,15.1,7.1
5/29/2014,3.35,120,13.9,7.2
5/30/2014,3.19,121,13.4,7.2
5/31/2014,3.09,122,13.8,7.2
6/1/2014,3.04,122,13.8,7.2
6/2/2014,2.91,125,14.2,7.2
6/3/2014,2.72,127,14,7.2
6/4/2014,2.72,128,14.6,7.2
6/5/2014,2.66,129,15.4,7.2
6/6/2014,2.55,131,15.7,7.2
6/7/2014,2.45,133,15.8,7.2
6/8/2014,2.32,134,17,7.2
6/9/2014,2.17,138,17.4,7.1
6/10/2014,2.06,141,17.3,7.1
6/11/2014,2.1,142,17.2,7.1
6/12/2014,2.11,141,17.2,7.1
6/13/2014,2.03,139,16.5,7.1
6/14/2014,2,139,15.1,7.2
6/15/2014,1.98,141,14.8,7.1
6/16/2014,1.99,139,14.6,7.2
6/17/2014,1.96,138,14,7.2
6/18/2014,1.89,140,14.1,7.2
6/19/2014,1.82,142,15,7.2
6/20/2014,1.73,146,15.5,7.1
6/21/2014,1.66,151,15.6,7.1
6/22/2014,1.55,153,15.4,7.1
6/23/2014,1.52,155,15.6,7.1
6/24/2014,1.54,156,16,7.1
6/25/2014,1.56,157,16.2,7.1
6/26/2014,1.62,157,16.1,7.1
6/27/2014,1.72,149,16.1,7.1
6/28/2014,1.64,152,16.7,7.1
6/29/2014,1.53,157,17.1,7.1
6/30/2014,1.44,162,17.7,7.1
7/1/2014,1.35,169,18.2,7.1
7/2/2014,1.24,174,18.1,7.1
7/3/2014,1.21,176,18,7.1
7/4/2014,1.19,176,18,7.1
7/5/2014,1.18,179,17.7,7.1
7/6/2014,1.13,181,17.7,7.1
7/7/2014,1.16,180,17.3,7.1
7/8/2014,1.09,181,17.3,7.1
7/9/2014,1.04,185,17.4,7.2
7/10/2014,1.06,185,17.2,7.2
7/11/2014,1.11,182,17.1,7.2
7/12/2014,1.18,178,17.8,7.2
7/13/2014,1.15,180,18.3,7.2
7/14/2014,1.08,187,18.6,7.1
7/15/2014,1.1,187,18.6,7.1
7/16/2014,1.07,189,18.4,7.1
7/17/2014,1.16,187,18,7.1
7/18/2014,1.27,186,17.8,7.1
7/19/2014,1.28,186,18,7.1
7/20/2014,1.32,188,17.8,7.1
7/21/2014,1.32,184,18,7.1
7/22/2014,1.28,183,18,7.1
7/23/2014,1.23,187,17.6,7.1
7/24/2014,1.22,190,17.5,7
7/25/2014,1.15,197,17.6,7
7/26/2014,1.08,199,17.4,7
7/27/2014,1.07,197,17.8,7
7/28/2014,1.05,197,17.3,7
7/29/2014,1.17,190,17.3,7
7/30/2014,1.07,194,18,7
7/31/2014,0.98,193,18.2,7
8/1/2014,0.96,195,18.2,7
8/2/2014,0.92,202,17.6,7
8/3/2014,1.29,205,16.9,6.9
8/4/2014,1.46,168,17.1,7
8/5/2014,1.09,183,17.3,6.9
8/6/2014,1.06,186,17.3,7
8/7/2014,1.1,183,17.6,7
8/8/2014,1.03,187,17.8,7
8/9/2014,0.93,190,17.7,7
8/10/2014,0.88,195,17.3,7
8/11/2014,0.88,195,17.8,7
8/12/2014,0.9,191,18,7
8/13/2014,0.89,199,17.4,6.9
8/14/2014,0.84,202,16.8,6.8
8/15/2014,0.8,203,16.3,6.8
8/16/2014,0.69,212,16.1,6.8
8/17/2014,0.71,212,16.5,6.8
8/18/2014,0.71,210,16.2,6.8
8/19/2014,0.69,215,15.6,6.8
8/20/2014,0.78,205,16,7
8/21/2014,0.79,201,16.3,7
8/22/2014,0.76,204,16.3,6.9
8/23/2014,0.76,208,16.2,6.9
8/24/2014,0.77,203,16,7
8/25/2014,0.73,203,15.8,7
8/26/2014,0.7,202,15.4,7
8/27/2014,0.73,202,15.7,7
8/28/2014,0.71,203,15.7,7
8/29/2014,0.68,204,15.9,7
8/30/2014,0.7,204,15.9,7
8/31/2014,0.69,206,15.8,7
9/1/2014,0.7,208,15.9,7
9/2/2014,0.69,206,16.4,7
9/3/2014,0.69,206,16.2,7
9/4/2014,0.72,210,16.1,7
9/5/2014,0.71,209,15.9,7
9/6/2014,0.66,209,16,7
9/7/2014,0.66,206,16.5,7
9/8/2014,0.79,209,16.4,7.1
9/9/2014,0.99,193,15.5,7
9/10/2014,0.86,204,15.2,7
9/11/2014,0.8,206,15.4,7
9/12/2014,0.77,206,15.6,7
9/13/2014,0.74,207,15.9,7
9/14/2014,0.71,208,16.7,7.1
9/15/2014,0.72,203,17,7.1
9/16/2014,0.73,204,16.9,7.1
9/17/2014,0.75,210,16.6,7
9/18/2014,0.75,212,16,7
9/19/2014,0.84,206,16.1,7.1
9/20/2014,0.89,201,15.9,7
9/21/2014,0.82,206,15.8,7
9/22/2014,0.83,206,15.6,7
9/23/2014,0.77,213,15.6,7
9/24/2014,0.77,216,15.2,7
9/25/2014,0.78,214,15.2,7
9/26/2014,0.9,206,14.8,7
9/27/2014,1.19,202,13.1,7.1
9/28/2014,1.37,178,12.8,7.1
9/29/2014,1.28,181,12.8,7
9/30/2014,1.2,184,13.2,7
10/1/2014,1.11,190,13.4,7
10/2/2014,1.04,190,13.6,7
10/3/2014,0.97,195,13.7,7
10/4/2014,0.94,199,13.5,7
10/5/2014,0.91,202,13.7,7
10/6/2014,0.88,204,13.7,7
10/7/2014,0.89,204,13.9,7
10/8/2014,0.92,199,14.3,7
10/9/2014,0.95,200,13.9,7
10/10/2014,0.97,204,13.2,7
10/11/2014,1.05,198,13.2,7
10/12/2014,1.05,199,13.3,7
10/13/2014,1.04,202,13.1,7
10/14/2014,0.99,206,13.2,7
10/15/2014,1.05,202,12.9,7
10/16/2014,1.19,197,12.3,7
10/17/2014,1.17,201,11.8,7
10/18/2014,1.18,203,12,6.9
10/19/2014,1.2,196,12.3,7
10/20/2014,1.16,200,12.4,7
10/21/2014,1.22,199,12.2,7
10/22/2014,1.29,197,11.6,7
10/23/2014,1.16,207,11.6,6.9
10/24/2014,1.11,206,11.9,6.9
10/25/2014,1.09,208,11.7,6.9
10/26/2014,1.2,201,11.4,7
10/27/2014,1.39,194,11.1,7
10/28/2014,1.36,202,10.6,6.9
10/29/2014,1.29,204,11,6.9
10/30/2014,1.24,208,11.3,6.9
10/31/2014,1.28,208,11.2,6.9
11/1/2014,4.48,129,8.9,7.1
11/2/2014,2.5,151,8.5,7
11/3/2014,1.89,166,8.2,7
11/4/2014,1.81,166,8.3,7
11/5/2014,1.68,171,9.2,6.9
11/6/2014,1.68,168,10,6.9
11/7/2014,1.65,168,10.3,7
11/8/2014,1.57,170,10.5,7
11/9/2014,1.49,174,10.5,6.9
11/10/2014,1.47,176,10.3,6.9
11/11/2014,1.48,179,10.4,6.9
11/12/2014,1.56,180,9.8,6.9
11/13/2014,1.61,180,9.3,7
11/14/2014,1.8,170,9.5,7
11/15/2014,1.74,169,9.2,7
11/16/2014,1.73,168,8.7,7
11/17/2014,1.66,169,7.8,7
11/18/2014,1.57,172,7.8,7
11/19/2014,1.56,175,8.3,7
11/20/2014,1.66,170,8.2,7
11/21/2014,2.9,137,8,7
11/22/2014,2.15,143,7.8,7.1
11/23/2014,2.14,145,8.4,7
11/24/2014,1.97,150,6.8,7
11/25/2014,1.85,154,6.7,7
11/26/2014,1.8,155,7.7,7.1
11/27/2014,1.74,156,8.1,7.1
11/28/2014,1.69,163,7.8,7
11/29/2014,1.68,166,7.3,7
11/30/2014,1.71,164,7.7,7
12/1/2014,1.9,155,7.8,7
12/2/2014,7.71,146,8,7.1
12/3/2014,4.46,108,8.4,7
12/4/2014,2.67,132,8.3,7
12/5/2014,2.35,141,8.2,7
12/6/2014,2.13,142,7.7,7
12/7/2014,2.1,144,7.7,7
12/8/2014,2.01,146,7.3,7
12/9/2014,1.96,148,7.1,7
12/10/2014,1.95,152,7.3,7
12/11/2014,1.92,154,8.3,7
12/12/2014,10.9,92,6.5,7.2
12/13/2014,7.01,103,5,7.1
12/14/2014,3.99,118,4.8,7
12/15/2014,3.14,130,5.3,7
12/16/2014,4.85,114,5.8,7.1
12/17/2014,6.43,110,5.4,7.1
12/18/2014,4.89,113,4.7,7
12/19/2014,3.59,127,5,7
12/20/2014,3.16,135,5.8,7
12/21/2014,3.29,135,6.3,7
12/22/2014,3.57,128,6.7,7
12/23/2014,3.42,129,6.4,7
12/24/2014,3.64,127,6.6,7
12/25/2014,7.75,95,5,7.1
12/26/2014,3.87,115,3.7,7
12/27/2014,3.18,137,2.9,7
12/28/2014,2.91,139,2.6,7
12/29/2014,2.76,137,2.3,7
12/30/2014,2.64,139,2.1,7
12/31/2014,2.3,146,1.5,7
1/1/2015,2.32,150,1.5,7
1/2/2015,2.42,146,1.6,7
1/3/2015,2.44,145,2,7
1/4/2015,2.5,142,2.4,7
1/5/2015,2.49,139,3.5,7
1/6/2015,2.67,137,4.7,7
1/7/2015,2.91,126,5.2,7
1/8/2015,2.87,124,6.1,7
1/9/2015,2.93,124,6.7,7
1/10/2015,2.99,122,6.8,7
1/11/2015,3.27,119,7,7
1/12/2015,3.15,116,6.6,7
1/13/2015,2.84,122,5.8,7
1/14/2015,2.63,127,5.2,7
1/15/2015,2.49,131,4.8,7
1/16/2015,2.43,133,4.9,7
1/17/2015,2.4,134,5.7,7
1/18/2015,2.43,134,6.4,7
1/19/2015,2.4,135,6.1,7
1/20/2015,2.34,137,6,7
1/21/2015,2.33,138,5.4,7
1/22/2015,2.27,140,5.8,7
1/23/2015,2.24,142,5.5,7
1/24/2015,2.22,144,5.4,7
1/25/2015,2.23,144,6.2,7
1/26/2015,2.33,142,7.3,7
1/27/2015,3.68,117,7.5,7
1/28/2015,3.22,116,7.4,7
1/29/2015,2.74,126,8.2,7
1/30/2015,2.68,131,8.3,7
1/31/2015,2.71,132,7.7,7
2/1/2015,2.54,135,6.8,7
2/2/2015,2.44,139,7.1,7
2/3/2015,2.38,141,7.2,7
2/4/2015,2.33,143,7.7,7
2/5/2015,2.31,145,7.8,7
2/6/2015,2.25,147,8.3,7
2/7/2015,12.9,108,8.6,7.1
2/8/2015,10.2,77,8.4,7.1
2/9/2015,14.7,74,8.7,7.1
2/10/2015,6.63,93,7.8,7
2/11/2015,4.94,105,7.6,7
2/12/2015,4.13,111,7.7,7
2/13/2015,3.69,119,8.1,7
2/14/2015,3.43,124,8.4,7
2/15/2015,3.23,130,8.9,7
2/16/2015,3.08,130,8.6,6.9
2/17/2015,2.94,130,8.4,6.9
2/18/2015,2.89,133,8.6,7
2/19/2015,2.79,135,8.3,6.9
2/20/2015,2.73,138,8.5,6.8
2/21/2015,2.72,139,8.2,6.8
2/22/2015,3.75,135,7.4,6.9
2/23/2015,4.56,112,6.2,6.9
2/24/2015,3.61,120,5.8,6.9
2/25/2015,3.44,123,6.6,6.9
2/26/2015,3.4,124,6.9,6.9
2/27/2015,3.35,125,7,6.9
2/28/2015,3.89,118,6.2,6.9
3/1/2015,3.64,119,5.6,6.9
3/2/2015,3.78,118,5.5,6.9
3/3/2015,3.54,121,5.2,6.9
3/4/2015,3.32,125,5.8,6.9
3/5/2015,3.31,125,6.3,6.9
3/6/2015,3.24,126,7.1,6.9
3/7/2015,3.22,126,7.6,6.9
3/8/2015,3.13,127,8.1,6.9
3/9/2015,3.05,129,8.6,6.8
3/10/2015,2.99,131,8.6,6.9
3/11/2015,3.03,132,9.3,6.9
3/12/2015,3.02,131,9.2,6.9
3/13/2015,2.9,134,9.9,6.8
3/14/2015,2.78,138,11.1,6.8
3/15/2015,2.72,141,11.3,6.8
3/16/2015,2.64,143,11.3,6.8
3/17/2015,2.6,142,10.9,6.9
3/18/2015,2.69,138,10.6,6.9
3/19/2015,2.7,137,10.7,6.9
3/20/2015,2.49,142,11.2,6.9
3/21/2015,2.41,146,11.2,6.9
3/22/2015,2.41,146,11.1,6.9
3/23/2015,2.37,145,10.8,6.9
3/24/2015,2.43,141,10.6,6.9
3/25/2015,2.41,142,10.9,6.9
3/26/2015,2.26,145,11.8,6.9
3/27/2015,2.14,150,12.3,6.9
3/28/2015,2.09,154,12.5,6.9
3/29/2015,2.08,155,12.6,6.9
3/30/2015,2.03,156,12.5,6.9
3/31/2015,2.02,157,12.3,6.9
4/1/2015,2.02,156,11.1,6.9
4/2/2015,1.97,155,10,6.9
4/3/2015,1.95,155,9.8,6.9
4/4/2015,1.88,156,10,6.9
4/5/2015,1.88,156,9.8,6.9
4/6/2015,1.98,154,9,6.9
4/7/2015,2.73,149,6.8,7
4/8/2015,3.36,118,6,7
4/9/2015,2.87,126,7,6.9
4/10/2015,2.91,125,8.2,7
4/11/2015,2.92,123,9.5,7
4/12/2015,2.66,129,10.8,6.9
4/13/2015,2.38,138,11.4,6.9
4/14/2015,2.19,145,10.2,6.9
4/15/2015,2.24,145,9.6,6.9
4/16/2015,2.11,149,10,6.9
4/17/2015,2.02,154,10.8,6.9
4/18/2015,1.96,157,11.7,6.9
4/19/2015,1.89,159,12.7,6.9
4/20/2015,1.77,162,12.8,6.9
4/21/2015,1.88,159,12.2,6.9
4/22/2015,2.54,143,11.3,6.9
4/23/2015,2.44,144,11.1,6.9
4/24/2015,2.58,141,10.6,6.9
4/25/2015,4,129,8.9,7
4/26/2015,3.85,112,9.3,7
4/27/2015,3.06,123,10.7,6.9
4/28/2015,2.61,136,12.7,6.9
4/29/2015,2.31,148,13.6,6.9
4/30/2015,2.16,154,14.1,6.9
5/1/2015,2.06,158,14,6.9
5/2/2015,1.98,162,13.5,6.9
5/3/2015,1.93,164,13.1,6.9
5/4/2015,1.92,164,13.1,7
5/5/2015,1.97,162,13.2,7
5/6/2015,1.95,163,12.9,7
5/7/2015,2.27,161,11,7
5/8/2015,3.23,139,8.8,7
5/9/2015,2.72,141,10.3,7
5/10/2015,2.53,146,11.9,7
5/11/2015,2.16,156,12.6,7
5/12/2015,2.03,161,12.3,7
5/13/2015,2.02,160,11.6,7
5/14/2015,2.21,156,10.6,7
5/15/2015,3.74,128,9.2,7.1
5/16/2015,3.31,123,9.3,
5/17/2015,2.83,131,10.8,
5/18/2015,2.56,142,10.7,
5/19/2015,2.47,,,
5/20/2015,2.35,151,11.8,7.1
5/21/2015,2.33,153,10.9,7.1
5/22/2015,3.21,128,10.1,7.3
5/23/2015,3.26,123,10.6,7.3
5/24/2015,2.83,133,11.7,7.2
5/25/2015,2.59,139,13.4,7.2
5/26/2015,2.41,142,14.4,7.1
5/27/2015,2.3,147,15,7.1
5/28/2015,2.17,151,15,7.1
5/29/2015,2.02,155,15.6,7.1
5/30/2015,1.89,160,15.9,7.1
5/31/2015,1.77,162,15.9,7.1
6/1/2015,1.69,166,15,7.1
6/2/2015,1.69,164,14.6,7.1
6/3/2015,1.77,161,15,7.1
6/4/2015,1.68,165,14.4,7.1
6/5/2015,1.65,166,13.7,7.1
6/6/2015,1.74,163,14.3,7.1
6/7/2015,1.62,163,15.2,7.1
6/8/2015,1.46,167,16.5,7.1
6/9/2015,1.4,172,15.7,7.2
6/10/2015,1.6,163,15.9,7.2
6/11/2015,1.64,162,16.3,7.2
6/12/2015,1.53,166,16.2,7.1
6/13/2015,1.58,166,17.4,7.1
6/14/2015,1.29,179,17.2,7
6/15/2015,1.13,191,16.4,7
6/16/2015,1.08,195,15.9,7
6/17/2015,1.06,194,16.1,7
6/18/2015,1.03,197,16,7
6/19/2015,1.01,201,15.7,7
6/20/2015,1.01,201,15.8,7
6/21/2015,0.93,205,15.6,7
6/22/2015,0.95,209,15.2,7
6/23/2015,0.97,208,14.9,7.1
6/24/2015,1.01,208,15.8,7.1
6/25/2015,1.04,217,16.4,7.1
6/26/2015,1,222,16.7,7.1
6/27/2015,0.97,225,16.4,7
6/28/2015,1.01,219,16.1,7
6/29/2015,1.08,215,16.8,7.1
6/30/2015,1,214,17.4,7.1
7/1/2015,1.09,215,17,7.1
7/2/2015,1.23,207,17.1,7
7/3/2015,1.26,203,17.9,7.1
7/4/2015,1.03,214,17.6,7.1
7/5/2015,0.94,224,17,7
7/6/2015,0.97,225,16.9,7.1
7/7/2015,1.02,226,16.6,7.1
7/8/2015,1.05,228,16.1,7.1
7/9/2015,1.12,224,15.3,7.1
7/10/2015,1.19,217,15.3,7.1
7/11/2015,1.1,215,15.9,7.1
7/12/2015,0.94,216,16.2,7.2
7/13/2015,0.81,218,16.3,7.2
7/14/2015,0.76,216,16.2,7.1
7/15/2015,0.67,209,16.1,7.1
7/16/2015,0.58,213,16,7.1
7/17/2015,0.54,220,15.4,7.1
7/18/2015,1.22,222,15.3,7.1
7/19/2015,1.78,164,17.4,7.2
7/20/2015,1.17,173,17.7,7.1
7/21/2015,0.95,183,17.9,7.2
7/22/2015,0.8,192,17.6,7.2
7/23/2015,0.69,199,16.8,7.2
7/24/2015,0.62,206,16.2,7.2
7/25/2015,0.58,209,15.9,7.1
7/26/2015,0.55,213,15.8,7.1
7/27/2015,0.53,214,15.7,7.1
7/28/2015,0.51,215,16.2,7.1
7/29/2015,0.47,223,16.4,7.1
7/30/2015,0.45,234,15.5,7
7/31/2015,0.51,224,17.6,7.2
8/1/2015,0.5,224,17.3,7.1
8/2/2015,0.48,230,15.8,7.1
8/3/2015,0.47,238,15,7
8/4/2015,0.48,236,14.9,7
8/5/2015,0.5,233,15,7.1
8/6/2015,0.5,237,14.8,7.1
8/7/2015,0.49,238,14.7,7
8/8/2015,0.5,239,14.5,7
8/9/2015,0.54,238,15,7.1
8/10/2015,0.55,238,14.8,7.1
8/11/2015,0.56,249,14,7
8/12/2015,0.56,249,14,7
8/13/2015,0.53,256,13.7,7
8/14/2015,0.52,279,13.4,6.9
8/15/2015,0.54,269,13.7,6.9
8/16/2015,0.53,270,13.6,6.9
8/17/2015,0.52,289,13.3,6.9
8/18/2015,0.52,292,13,6.9
8/19/2015,0.57,291,12.9,6.9
8/20/2015,0.58,296,12.8,6.9
8/21/2015,0.59,297,12.8,6.9
8/22/2015,0.58,308,12.8,6.9
8/23/2015,0.57,309,12.8,6.9
8/24/2015,0.61,307,12.9,6.9
8/25/2015,0.6,303,13.1,6.9
8/26/2015,0.55,282,13.4,6.9
8/27/2015,0.47,300,13.3,6.9
8/28/2015,0.46,309,13.4,6.9
8/29/2015,0.48,309,13.5,6.9
8/30/2015,0.49,293,13.3,6.9
8/31/2015,0.5,282,13.6,6.9
9/1/2015,0.53,262,14.2,7
9/2/2015,0.5,274,13.6,7
9/3/2015,0.5,262,13.5,6.9
9/4/2015,0.55,246,14.4,7
9/5/2015,0.58,236,14.3,7.1
9/6/2015,0.56,242,13.8,7
9/7/2015,0.5,252,13.6,7
9/8/2015,0.48,255,13.6,7
9/9/2015,0.47,259,13.9,7
9/10/2015,0.48,267,13.7,6.9
9/11/2015,0.52,264,14,6.9
9/12/2015,0.52,262,13.9,6.9
9/13/2015,0.53,273,13.6,6.9
9/14/2015,0.56,276,13.4,6.9
9/15/2015,0.72,224,16,7.1
9/16/2015,0.76,215,15.1,7.1
9/17/2015,0.75,220,13.6,7.1
9/18/2015,0.74,221,13.9,7.1
9/19/2015,0.66,225,14.2,7
9/20/2015,0.6,233,14.3,7
9/21/2015,0.59,238,14.2,7
9/22/2015,0.58,241,14.2,7
9/23/2015,0.57,231,14.1,7
9/24/2015,0.58,231,14,7
9/25/2015,0.58,246,14,7
9/26/2015,0.57,250,13.9,7
9/27/2015,0.59,242,13.8,7
9/28/2015,0.61,243,13.8,7
9/29/2015,0.62,241,14,7
9/30/2015,0.64,234,13.9,7
10/1/2015,0.67,229,14,7
10/2/2015,0.74,221,13.9,7.1
10/3/2015,0.79,214,13.7,7.1
10/4/2015,1.62,213,12.9,7.1
10/5/2015,2.06,178,12.4,7.1
10/6/2015,1.35,198,13,
10/7/2015,1.2,201,13.5,
10/8/2015,1.08,206,14.2,
10/9/2015,1.01,209,14.5,
10/10/2015,0.96,213,14.6,
10/11/2015,0.97,212,14.7,
10/12/2015,0.99,213,14.8,
10/13/2015,0.97,213,15,
10/14/2015,0.99,214,14.9,
10/15/2015,1.21,205,15.2,
10/16/2015,2.06,172,14.9,
10/17/2015,1.41,184,14.9,
10/18/2015,4.39,133,14.2,
10/19/2015,2.3,154,12.9,7.35
10/20/2015,1.68,109,12.5,7.4
10/21/2015,1.52,99,12,7.3
10/22/2015,1.38,103,11.9,7.3
10/23/2015,1.31,106,12.2,7.3
10/24/2015,1.27,107,12.2,7.3
10/25/2015,1.26,108,12.3,7.3
10/26/2015,1.24,110,12,7.3
10/27/2015,1.24,113,11.8,7.2
10/28/2015,1.28,113,12,7.3
10/29/2015,1.53,165,11.8,7.3
10/30/2015,1.53,174,11.2,7.3
10/31/2015,1.44,124,11.2,7.3
11/1/2015,1.35,112,11.3,7.3
11/2/2015,2.95,114,10.6,7.3
11/3/2015,7.38,111,7.2,7.6
11/4/2015,4.38,124,6.9,7.5
11/5/2015,2.71,149,6.6,7.4
11/6/2015,2.29,161,7.2,7.4
11/7/2015,2.31,161,7.5,7.4
11/8/2015,2.24,160,7.6,7.5
11/9/2015,2.86,162,7.5,7.5
11/10/2015,4.61,119,5.2,7.6
11/11/2015,3.02,141,5.1,7.5
11/12/2015,3.01,142,5.5,7.6
11/13/2015,2.68,151,6.2,7.5
11/14/2015,2.62,151,6.6,7.5
11/15/2015,4.57,146,5.4,7.5
11/16/2015,4.94,126,3.2,7.6
11/17/2015,3.68,139,3.8,7.5
11/18/2015,3.84,136,4.4,7.5
11/19/2015,3.97,135,5.2,7.5
11/20/2015,4.37,125,5.8,7.6
11/21/2015,4.81,119,6.3,7.6
11/22/2015,4.57,120,6.6,7.5
11/23/2015,4.15,124,6.5,7.5
11/24/2015,3.9,132,6.3,7.5
11/25/2015,6.73,107,4.4,7.6
11/26/2015,3.75,133,3.7,7.4
11/27/2015,3.17,145,3.6,7.4
11/28/2015,2.93,148,3.9,7.4
11/29/2015,2.68,155,3.3,7.4
11/30/2015,2.55,156,3.3,7.4
12/1/2015,2.53,158,3.6,7.4
12/2/2015,2.49,159,5,7.4
12/3/2015,2.64,155,6,7.4
12/4/2015,2.72,149,5.9,7.4
12/5/2015,2.56,152,5.3,7.4
12/6/2015,2.44,156,5.3,7.4
12/7/2015,2.45,157,5.7,7.4
12/8/2015,2.61,153,6.3,7.4
12/9/2015,2.92,142,6.2,7.3
12/10/2015,5.29,134,6,7.2
12/11/2015,12,79,4.2,7.2
12/12/2015,5.88,101,3.9,7.2
12/13/2015,9.15,107,3.3,7.2
12/14/2015,8.54,97,1.8,7.2
12/15/2015,5.29,111,1.7,7.2
12/16/2015,4.32,119,1.6,7.3
12/17/2015,4.04,122,2.1,7.3
12/18/2015,4.26,118,2.7,7.3
12/19/2015,4.56,115,2.9,7.3
12/20/2015,5.04,109,2.8,7.3
12/21/2015,7.69,114,3,7.4
12/22/2015,121,47,4.4,7.3
12/23/2015,35.6,51,4.6,7.4
12/24/2015,18,51,3.6,7.4
12/25/2015,13.1,55,1.8,7.4
12/26/2015,9.75,65,1.2,7.4
12/27/2015,8.54,69,1.2,7.4
12/28/2015,7.4,73,1.1,7.4
12/29/2015,6.79,75,1.3,7.4
12/30/2015,6.11,79,1.1,7.4
12/31/2015,5.76,81,1.1,7.4
1/1/2016,5.37,84,1.3,7.4
1/2/2016,5.49,84,2.2,7.4
1/3/2016,5.73,82,3.4,7.4
1/4/2016,5.98,80,3.9,7.4
1/5/2016,14.5,76,4.1,7.4
1/6/2016,13.3,69,2.2,7.4
1/7/2016,11.5,75,1.8,7.5
1/8/2016,9.48,83,2.4,7.5
1/9/2016,8.71,88,3.2,7.5
1/10/2016,12.2,92,3.5,7.5
1/11/2016,11.1,95,3.1,7.5
1/12/2016,9.6,102,3,7.5
1/13/2016,9.41,103,3.8,7.5
1/14/2016,9.19,103,4.2,7.4
1/15/2016,10.6,98,4.2,7.3
1/16/2016,10.1,102,4.7,7.3
1/17/2016,10.4,100,4.5,7.3
1/18/2016,15,89,4.2,7.4
1/19/2016,83.5,78,4,7.3
1/20/2016,64.9,64,4.2,7.3
1/21/2016,35.2,71,4.6,7.3
1/22/2016,26.1,75,5,7.3
1/23/2016,36.7,68,5.1,7.3
1/24/2016,29.4,72,4.3,7.3
1/25/2016,22.9,77,3.8,7.3
1/26/2016,19.6,80,3.8,7.3
1/27/2016,17.8,82,4.8,7.3
1/28/2016,16.5,82,4.7,7.3
1/29/2016,16.4,82,5.3,7.3
1/30/2016,55.8,64,5.2,7.3
1/31/2016,62.3,58,4.7,7.3
2/1/2016,43.9,66,1.3,7.3
2/2/2016,33.1,71,1.6,7.3
2/3/2016,28.8,73,1.9,7.3
2/4/2016,26.7,74,3,7.3
2/5/2016,25.2,76,3.3,7.3
2/6/2016,24.1,78,3.8,7.3
2/7/2016,24.7,77,4.3,7.3
2/8/2016,28,75,4.7,7.3
2/9/2016,31.1,71,5.1,7.3
2/10/2016,31.4,70,5.2,7.3
2/11/2016,30.6,70,5.4,7.3
2/12/2016,29.3,70,5.4,7.3
2/13/2016,27.8,70,5.6,7.3
2/14/2016,26.6,70,5.6,7.3
2/15/2016,25.9,70,6.5,7.3
2/16/2016,26.4,68,6.5,7.3
2/17/2016,28.7,67,6.4,7.3
2/18/2016,40,63,5.6,7.3
2/19/2016,29.5,67,4.6,7.3
2/20/2016,25.6,69,4.8,7.3
2/21/2016,23.3,70,5.3,7.3
2/22/2016,22.1,71,5.4,7.3
2/23/2016,21,72,5.9,7.3
2/24/2016,20.3,72,6.2,7.3
2/25/2016,20,72,6.4,7.3
2/26/2016,19.9,71,6.8,7.3
2/27/2016,19.7,71,6.7,7.3
2/28/2016,19.4,69,7,7.3
2/29/2016,19.3,68,7.5,7.3
3/1/2016,19.3,67,7.5,7.3
3/2/2016,18.9,67,7,7.3
3/3/2016,18,68,6.5,7.3
3/4/2016,17.5,68,6.9,7.3
3/5/2016,21.8,66,8,7.3
3/6/2016,54.3,59,5.9,7.3
3/7/2016,35.1,62,4.1,7.3
3/8/2016,29.7,65,4.3,7.3
3/9/2016,28.7,65,5.8,7.3
3/10/2016,28.1,65,6.8,7.3
3/11/2016,33.3,65,5.8,7.3
3/12/2016,36.4,64,4.1,7.3
3/13/2016,35.3,67,5,7.3
3/14/2016,46,64,5.8,7.2
3/15/2016,41.8,66,6.3,7.3
3/16/2016,39.1,67,6.3,7.3
3/17/2016,37.4,67,7.3,7.3
3/18/2016,35.4,67,7.5,7.3
3/19/2016,33.9,67,8,7.3
3/20/2016,32.2,67,8,7.3
3/21/2016,31.3,67,8.2,7.3
3/22/2016,32.9,66,6.4,7.3
3/23/2016,28.1,68,5.6,7.3
3/24/2016,26.3,68,6.5,7.3
3/25/2016,25.6,68,7.8,7.3
3/26/2016,25.1,69,8.8,7.3
3/27/2016,24.2,69,8.2,7.3
3/28/2016,24.1,68,7.6,7.3
3/29/2016,22.9,69,4.6,7.3
3/30/2016,21.5,69,4.8,7.3
3/31/2016,20.3,70,5.4,7.3
4/1/2016,19.2,70,6.6,7.3
4/2/2016,18.3,71,8.2,7.3
4/3/2016,18.2,70,8.7,7.3
4/4/2016,18.1,71,9,7.3
4/5/2016,18.3,70,10,7.3
4/6/2016,18.6,69,10.1,7.3
4/7/2016,19.5,67,10.3,7.3
4/8/2016,22.1,66,9.8,7.3
4/9/2016,38.8,60,9,7.3
4/10/2016,29.7,60,8.3,7.3
4/11/2016,26,61,8.4,7.3
4/12/2016,24.2,62,9.2,7.3
4/13/2016,23.8,63,9.2,7.3
4/14/2016,23.1,63,8.4,7.3
4/15/2016,21.9,64,7.5,7.3
4/16/2016,20.2,65,7.3,7.3
4/17/2016,19.3,68,8.9,7.3
4/18/2016,18.8,66,9.5,7.3
4/19/2016,18.8,65,10,7.3
4/20/2016,18.8,64,10.2,7.3
4/21/2016,18.5,64,9.8,7.3
4/22/2016,19.2,63,9.7,7.3
4/23/2016,20.3,63,7.6,7.3
4/24/2016,18.7,64,7.4,7.2
4/25/2016,19.3,64,6.1,7.2
4/26/2016,17.6,65,6.4,7.2
4/27/2016,16.9,66,7.2,7.3
4/28/2016,17.2,66,6.9,7.2
4/29/2016,15.9,67,8,7.3
4/30/2016,15.5,68,8.7,7.2
5/1/2016,14.7,69,8.7,7.2
5/2/2016,14.4,69,8.9,7.2
5/3/2016,14.3,70,10.1,7.2
5/4/2016,14.5,70,11.3,7.2
5/5/2016,15,69,9.7,7.2
5/6/2016,16.6,67,8.5,7.2
5/7/2016,16.4,67,8.4,7.1
5/8/2016,15.9,68,8.4,7
5/9/2016,15,69,9.1,7
5/10/2016,14.7,69,11.3,7
5/11/2016,14.5,70,12.4,7
5/12/2016,14.7,70,13.4,7
5/13/2016,14.7,70,13.9,7
5/14/2016,14.9,69,13,6.9
5/15/2016,14.9,68,10.9,6.9
5/16/2016,14.7,68,11.1,7
5/17/2016,14.2,68,11.9,6.9
5/18/2016,13.5,70,12.2,6.9
5/19/2016,13,72,13,6.9
5/20/2016,13.3,72,11.2,6.8
5/21/2016,13.2,72,8.6,6.8
5/22/2016,13,74,8.3,6.8
5/23/2016,12.7,75,9.3,6.8
5/24/2016,12.5,76,9.8,7.2
5/25/2016,12.3,77,9.3,7.2
5/26/2016,12.1,79,10.5,7.2
5/27/2016,11.5,81,11.5,7.2
5/28/2016,10.9,85,12.6,7.2
5/29/2016,10.4,86,12.7,7.2
5/30/2016,10.1,88,13.2,7.2
5/31/2016,9.66,90,14.4,7.2
6/1/2016,9.27,92,15.1,7.2
6/2/2016,8.92,93,15.3,7.1
6/3/2016,8.62,94,15,7.1
6/4/2016,8.31,94,15.6,7.1
6/5/2016,8.1,95,15.7,7.1
6/6/2016,7.94,95,15.7,7.1
6/7/2016,7.77,95,16.1,7.1
6/8/2016,7.55,95,16.8,7.1
6/9/2016,7.41,95,16.5,7.1
6/10/2016,7.21,95,15.4,7.1
6/11/2016,7.15,95,15,7.2
6/12/2016,7.49,95,15.2,7.2
6/13/2016,7.14,95,15.2,7.2
6/14/2016,6.82,96,14.6,7.2
6/15/2016,6.65,96,13.2,7.2
6/16/2016,6.6,96,12.5,7.2
6/17/2016,6.39,97,12.6,7.2
6/18/2016,6.16,98,14,7.2
6/19/2016,5.85,100,14.6,7.2
6/20/2016,5.59,103,15.6,7.2
6/21/2016,5.42,104,17,7.2
6/22/2016,5.19,105,16.9,7.2
6/23/2016,5.04,106,16.3,7.2
6/24/2016,4.93,106,15.8,7.2
6/25/2016,4.89,106,15.8,7.2
6/26/2016,4.69,109,16.3,7.2
6/27/2016,4.5,110,17.3,7.1
6/28/2016,4.43,111,18.2,7.1
6/29/2016,4.4,110,18.1,7.1
6/30/2016,4.13,113,17.9,7.1
7/1/2016,4,115,17.8,7.1
7/2/2016,3.92,116,17.9,7.1
7/3/2016,3.87,116,17.7,7.1
7/4/2016,3.78,117,17.2,7.1
7/5/2016,3.79,117,17.1,7.1
7/6/2016,3.74,118,16.7,7.1
7/7/2016,3.72,117,16.4,7.1
7/8/2016,3.71,116,16.6,7.1
7/9/2016,3.67,116,16.8,7.2
7/10/2016,3.74,117,16.5,7.2
7/11/2016,3.71,118,15.8,7.1
7/12/2016,3.57,119,15.8,7.2
7/13/2016,3.38,120,16.3,7.2
7/14/2016,3.2,123,16.9,7.2
7/15/2016,3.11,124,17.5,7.2
7/16/2016,3.02,125,17.5,7.1
7/17/2016,2.99,126,17.3,7.1
7/18/2016,2.95,127,16.8,7.1
7/19/2016,2.92,127,16.6,7.1
7/20/2016,2.88,128,16.8,7.1
7/21/2016,2.8,130,17.2,7.1
7/22/2016,2.75,129,17.5,7.1
7/23/2016,2.73,131,17.6,7.1
7/24/2016,2.6,133,17.7,7.1
7/25/2016,2.44,136,17.8,7
7/26/2016,2.41,137,18.2,7
7/27/2016,2.38,139,19,7
7/28/2016,2.31,141,19,7
7/29/2016,2.27,143,19.1,7
7/30/2016,2.2,146,19.1,7
7/31/2016,2.19,146,18.8,7
8/1/2016,2.21,147,18.4,7
8/2/2016,2.21,146,18.4,6.9
8/3/2016,2.19,145,18.3,6.9
8/4/2016,2.21,145,17.8,6.9
8/5/2016,2.1,147,17.4,6.9
8/6/2016,2.08,147,17.1,6.9
8/7/2016,2.11,146,16.7,7
8/8/2016,2.11,145,16.5,7
8/9/2016,2.08,146,16.2,7
8/10/2016,2.1,146,16.1,7.1
8/11/2016,2.11,145,16.3,7.2
8/12/2016,2.08,146,16.8,7.2
8/13/2016,2.07,147,17.4,7.2
8/14/2016,2.01,150,17.8,7.2
8/15/2016,1.97,153,17.4,7.2
8/16/2016,1.96,154,16.9,7.2
8/17/2016,1.98,154,16.9,7.2
8/18/2016,2.01,154,16.6,7.2
8/19/2016,2.04,152,16.6,7.2
8/20/2016,2,155,16.9,7.2
8/21/2016,2.09,152,16.9,7.2
8/22/2016,2.14,151,16.4,7.2
8/23/2016,2.37,142,16.4,7.2
8/24/2016,2.14,149,16.4,7.2
8/25/2016,1.97,151,16.1,7.1
8/26/2016,1.88,153,16,7.1
8/27/2016,1.85,153,15.9,7.1
8/28/2016,1.82,155,16.3,7.1
8/29/2016,1.78,155,16.9,7.1
8/30/2016,1.72,159,16.9,7.1
8/31/2016,1.68,163,16.7,7.1
9/1/2016,1.71,163,16.5,7.1
9/2/2016,1.75,160,16.1,7.1
9/3/2016,1.8,156,15.6,7.1
9/4/2016,1.87,153,14.6,7.1
9/5/2016,1.95,150,13.7,7.1
9/6/2016,1.93,150,14.2,7.1
9/7/2016,1.81,153,14.8,7.1
9/8/2016,1.74,155,15.1,7.1
9/9/2016,1.75,157,15.7,7.1
9/10/2016,1.73,158,16,7.1
9/11/2016,1.71,159,15.8,7.1
9/12/2016,1.77,158,15.4,7.1
9/13/2016,1.86,153,13.7,7.2
9/14/2016,2,147,12.3,7.2
9/15/2016,1.91,148,12.9,7.2
9/16/2016,1.83,151,13.6,7.2
9/17/2016,1.72,153,14,7.2
9/18/2016,1.64,157,14.3,7.1
9/19/2016,1.57,160,15.1,7.1
9/20/2016,1.59,162,15.4,7.1
9/21/2016,1.62,158,15,7.1
9/22/2016,1.68,154,13.4,7.1
9/23/2016,1.85,146,11.7,7.1
9/24/2016,1.86,145,12.5,7.1
9/25/2016,1.68,150,13.2,7.1
9/26/2016,1.58,153,13.8,7
9/27/2016,1.52,156,13.9,7
9/28/2016,1.47,156,14.1,7
9/29/2016,1.54,156,14.5,7.1
9/30/2016,1.54,157,14.2,7
10/1/2016,1.6,154,13.5,7.1
10/2/2016,1.66,153,11.9,7.1
10/3/2016,1.84,148,10.6,7.1
10/4/2016,1.95,145,10.3,7.1
10/5/2016,1.94,142,10.4,7.2
10/6/2016,1.8,141,10.1,7.3
10/7/2016,1.65,146,10.7,7.2
10/8/2016,1.53,150,11.4,7.2
10/9/2016,1.5,154,11.8,7.2
10/10/2016,1.48,155,12.1,7.2
10/11/2016,1.52,154,12.3,7.2
10/12/2016,1.57,152,11.8,7.2
10/13/2016,1.61,150,11.6,7.2
10/14/2016,1.55,152,11.3,7.2
10/15/2016,1.62,150,11.8,7.2
10/16/2016,1.87,145,12.3,7.2
10/17/2016,2.22,138,11.6,7.2
10/18/2016,2.12,139,11,7.2
10/19/2016,2.07,139,10.5,7.2
10/20/2016,1.86,143,10.8,7.2
10/21/2016,1.74,146,11,7.2
10/22/2016,1.7,148,10.8,7.2
10/23/2016,1.7,149,11,7.2
10/24/2016,1.76,146,12,7.2
10/25/2016,1.78,146,11.2,7.2
10/26/2016,1.78,146,11,7.2
10/27/2016,1.74,148,11.5,7.2
10/28/2016,3.02,133,11.9,7.2
10/29/2016,2.33,134,11.6,7.2
10/30/2016,4.38,126,12.2,7.2
10/31/2016,3.39,116,10.3,7.2
11/1/2016,2.41,131,9.5,7.2
11/2/2016,2.26,135,9.2,7.2
11/3/2016,2.09,139,9.1,7.2
11/4/2016,1.99,139,9.4,7.2
11/5/2016,1.96,138,9.7,7.2
11/6/2016,1.98,139,9.5,7.2
11/7/2016,1.97,138,9.6,7.2
11/8/2016,1.91,140,10.1,7.2
11/9/2016,1.96,141,10.5,7.2
11/10/2016,2.02,141,10.5,7.2
11/11/2016,2.03,141,10.4,7.2
11/12/2016,2.03,143,10.5,7.2
11/13/2016,2.04,144,9.9,7.2
11/14/2016,2.03,141,9.8,7.2
11/15/2016,2.01,142,9.4,7.2
11/16/2016,2.17,142,8.4,7.2
11/17/2016,2.33,138,6.4,7.3
11/18/2016,2.38,137,6.1,7.3
11/19/2016,2.29,137,6.8,7.3
11/20/2016,2.22,138,7.5,7.2
11/21/2016,2.79,132,7.9,7.3
11/22/2016,2.61,130,7.4,7.3
11/23/2016,2.45,133,6.7,7.3
11/24/2016,2.41,133,6.1,7.3
11/25/2016,2.29,135,5.6,7.3
11/26/2016,2.78,131,4.8,7.3
11/27/2016,6.53,105,3.3,7.3
11/28/2016,3.94,113,3.6,7.3
11/29/2016,3.77,112,4,7.3
11/30/2016,3.32,117,3.7,7.2
12/1/2016,3.03,122,3.9,7.2
12/2/2016,2.93,124,4,7.2
12/3/2016,2.77,126,3.4,7.2
12/4/2016,2.95,123,4.1,7.2
12/5/2016,3.15,119,4,7.2
12/6/2016,3.02,121,3.8,7.2
12/7/2016,2.83,124,3.4,7.2
12/8/2016,7.16,108,4.3,7.2
12/9/2016,8.23,91,5.5,7.2
12/10/2016,6.57,96,6.4,7.2
12/11/2016,7.55,94,7.2,7.2
12/12/2016,5.34,99,6.5,7.2
12/13/2016,4.36,106,6.5,7.2
12/14/2016,4.09,109,6.5,7.2
12/15/2016,12.9,104,7,7.2
12/16/2016,215,43,5.7,7
12/17/2016,24.4,61,2.6,7.2
12/18/2016,12.8,72,2.2,7.2
12/19/2016,9.59,80,2.3,7.1
12/20/2016,7.94,86,3.1,7.1
12/21/2016,7.1,89,4.2,7.1
12/22/2016,6.44,90,4.6,7.1
12/23/2016,10.5,84,4,7.1
12/24/2016,11.8,77,1.8,7.2
12/25/2016,7.93,88,1.3,7.1
12/26/2016,7.13,91,1.5,7.1
12/27/2016,7.8,88,2.2,7.1
12/28/2016,8.15,86,3,7.1
12/29/2016,8.11,86,3.6,7.1
12/30/2016,11.8,80,4.1,7.1
12/31/2016,11.1,79,3.3,7.2
1/1/2017,9.3,86,2.9,7.1
1/2/2017,8.22,91,2.9,7.1
1/3/2017,7.57,93,3.3,7.1
1/4/2017,207,,4.7,7.1
1/5/2017,399,,5.7,7
1/6/2017,119,,3.9,7.2
1/7/2017,479,,5.4,7
1/8/2017,367,,7.1,7.1
1/9/2017,509,,6.6,7
1/10/2017,240,,6.1,7.1
1/11/2017,386,,5.7,7.1
1/12/2017,220,,4.9,7.1
1/13/2017,151,,4.8,7.2
1/14/2017,117,,4.8,7.2
1/15/2017,97.1,,4.5,7.2
1/16/2017,82.7,,4.2,7.2
1/17/2017,71.7,,4,7.2
1/18/2017,67.8,,4.3,7.1
1/19/2017,106,,3.7,7.2
1/20/2017,86.8,,2.6,7.2
1/21/2017,75.5,,1.9,7.2
1/22/2017,121,,3.4,7.2
1/23/2017,135,,2.5,7.2
1/24/2017,90.8,,2.9,7.2
1/25/2017,75.3,,3,7.2
1/26/2017,66.7,,3.1,7.2
1/27/2017,60.8,,3.2,7.1
1/28/2017,58.3,,3.8,7.1
1/29/2017,57.3,,4.1,7.1
1/30/2017,58.3,,4.6,7.1
1/31/2017,59.8,,4.6,7.1
2/1/2017,60.7,,4.7,7.1
2/2/2017,63.8,,5.6,7.2
2/3/2017,111,,5.6,7.2
2/4/2017,115,,5.5,7.2
2/5/2017,96,,5.3,7.2
2/6/2017,493,,5.1,7.1
2/7/2017,827,38,5.5,7
2/8/2017,666,45,6.5,7.1
2/9/2017,381,49,6.7,7.1
2/10/2017,373,47,6.4,7.1
2/11/2017,348,48,5.9,7.1
2/12/2017,281,52,5.8,7.1
2/13/2017,235,54,5.9,7.1
2/14/2017,198,54,6.4,7.1
2/15/2017,182,53,6.3,7.1
2/16/2017,169,54,6.2,7
2/17/2017,193,52,5.9,7.1
2/18/2017,183,53,5.9,7.1
2/19/2017,160,56,6.3,7
2/20/2017,270,50,6.6,7.1
2/21/2017,224,57,6.6,7
2/22/2017,202,59,5,7.1
2/23/2017,175,56,3.4,7.1
2/24/2017,158,58,3.2,7.1
2/25/2017,145,60,3.5,7
2/26/2017,132,62,3.8,7
2/27/2017,125,63,4.3,7
2/28/2017,116,64,4.1,7
3/1/2017,111,66,4.5,7
3/2/2017,104,66,5.1,7
3/3/2017,99.6,67,5.4,7
3/4/2017,96.2,67,5.7,7
3/5/2017,100,66,3.3,7
3/6/2017,91.3,67,2.5,7
3/7/2017,89.2,67,4.3,7
3/8/2017,88.8,67,5.7,7
3/9/2017,89.9,66,6.7,7
3/10/2017,90.9,65,7.1,7
3/11/2017,90.6,65,7.2,7
3/12/2017,91.9,64,7.6,7
3/13/2017,96.1,63,7.8,7
3/14/2017,98.6,62,7.8,7
3/15/2017,100,61,8,7
3/16/2017,102,60,8.2,7
3/17/2017,100,59,8.1,7
3/18/2017,103,59,8.4,7
3/19/2017,97.8,58,8.2,7
3/20/2017,96.7,60,8.4,7
3/21/2017,127,54,7.9,7
3/22/2017,123,52,6.4,7
3/23/2017,114,54,5.2,7
3/24/2017,104,57,5.7,7
3/25/2017,97.5,59,6.4,7
3/26/2017,91.3,59,6.5,7
3/27/2017,88.7,58,6.2,7
3/28/2017,82.2,58,6.2,7
3/29/2017,78.9,59,7.6,7
3/30/2017,80.7,59,6.5,7
3/31/2017,75.4,60,5.5,7
4/1/2017,73.4,60,6.9,7
4/2/2017,72.9,59,7.9,7
4/3/2017,74.3,60,8,7
4/4/2017,72.4,60,7.7,7
4/5/2017,72.2,60,7.9,7
4/6/2017,72.2,60,8.1,7
4/7/2017,99.3,58,7.9,7
4/8/2017,135,56,5.9,6.9
4/9/2017,104,59,5.5,6.9
4/10/2017,93.9,61,6.4,6.9
4/11/2017,89.5,64,6.7,6.9
4/12/2017,85,64,8.1,6.9
4/13/2017,84.7,65,7.1,6.9
4/14/2017,81.2,66,6.5,6.9
4/15/2017,78.7,67,7.2,6.9
4/16/2017,76.3,65,7.7,6.9
4/17/2017,76.2,61,9.2,6.9
4/18/2017,92.5,54,8.9,6.9
4/19/2017,93.1,53,8.1,6.9
4/20/2017,85.5,54,7.5,6.9
4/21/2017,82.7,54,8.6,6.9
4/22/2017,82.9,55,9.6,6.9
4/23/2017,82.7,54,8.6,6.9
4/24/2017,81.5,55,7.9,6.9
4/25/2017,79.1,55,7.9,6.9
4/26/2017,76.4,55,8.7,6.9
4/27/2017,77.4,54,9,6.9
4/28/2017,75.1,53,7.9,6.9
4/29/2017,72.1,54,7.9,6.9
4/30/2017,70.9,53,8.8,6.9
5/1/2017,71.6,52,10.2,6.9
5/2/2017,73.6,52,11.2,6.9
5/3/2017,76.6,51,11.8,6.9
5/4/2017,78.7,50,11.9,6.8
5/5/2017,79.1,49,11.2,6.9
5/6/2017,80.3,50,8.5,6.9
5/7/2017,75.4,50,6.8,6.9
5/8/2017,70.8,52,8.2,6.9
5/9/2017,67.8,54,10,6.9
5/10/2017,65.1,54,11.1,6.9
5/11/2017,64.7,55,11.4,6.9
5/12/2017,65.3,54,9,6.9
5/13/2017,63.9,54,7.7,6.9
5/14/2017,61.5,55,7.4,6.9
5/15/2017,60.3,55,6.4,6.9
5/16/2017,58,56,7.7,6.9
5/17/2017,56.6,57,7.5,6.9
5/18/2017,53.9,58,8.5,6.9
5/19/2017,50.6,59,9.7,6.9
5/20/2017,48.6,61,10.8,7
5/21/2017,47.5,60,11.7,6.9
5/22/2017,47,61,12.6,6.9
5/23/2017,46.3,61,13,6.9
5/24/2017,47,61,12.8,6.9
5/25/2017,47.6,60,11.5,6.9
5/26/2017,47.5,60,10,6.9
5/27/2017,46.1,60,10.6,6.9
5/28/2017,44.3,61,12.1,6.9
5/29/2017,43.1,61,12.8,7
5/30/2017,42.7,61,13.4,7
5/31/2017,44.6,61,11.6,7
6/1/2017,42.9,61,11.6,7
6/2/2017,40.8,62,13.1,6.9
6/3/2017,39.3,63,14,7
6/4/2017,38.6,63,14,7
6/5/2017,37.1,63,13.1,7
6/6/2017,36.4,63,12.6,7
6/7/2017,35.1,64,12.9,7
6/8/2017,34.1,65,12.5,7
6/9/2017,33.8,65,12.1,7
6/10/2017,34.3,66,10.9,7
6/11/2017,34.1,66,9,7
6/12/2017,32.9,66,8.2,7
6/13/2017,31.5,67,9.7,7
6/14/2017,29.6,68,11.7,7.1
6/15/2017,28.4,69,13.1,7.1
6/16/2017,27.3,70,14.3,7.1
6/17/2017,26.3,71,15.2,7.1
6/18/2017,25.4,72,16.7,7
6/19/2017,24.4,73,17.2,7.1
6/20/2017,23.6,73,17.5,7
6/21/2017,23,75,17.4,7
6/22/2017,22.4,76,17.1,7
6/23/2017,21.6,77,17.3,7
6/24/2017,21,78,17.3,7
6/25/2017,20.3,79,16.8,7
6/26/2017,19.6,80,15.4,7
6/27/2017,19.3,81,14.8,7
6/28/2017,19.2,82,15.2,7
6/29/2017,18.7,83,15.2,7
6/30/2017,18.1,84,15.6,7
7/1/2017,17.7,85,16,7
7/2/2017,17.2,86,15.5,7
7/3/2017,16.7,86,15.6,7
7/4/2017,16.1,87,15.2,7
7/5/2017,15.8,88,16,6.9
7/6/2017,15.4,89,17,7
7/7/2017,15,90,17.4,7
7/8/2017,14.4,91,17.6,6.9
7/9/2017,14,92,17.8,6.9
7/10/2017,13.9,92,17.2,6.9
7/11/2017,13.7,93,16.9,7
7/12/2017,13.4,93,16.6,7
7/13/2017,13.2,93,16.9,7
7/14/2017,13,94,17,7
7/15/2017,12.7,94,17.2,7
7/16/2017,12.4,95,17.6,7
7/17/2017,12.2,96,17.7,7
7/18/2017,11.7,98,16.6,7
7/19/2017,11.5,100,16.2,7
7/20/2017,11.5,100,15.9,7
7/21/2017,11.5,100,15.9,7
7/22/2017,11.2,100,16.5,7
7/23/2017,10.8,102,16.7,7
7/24/2017,10.9,101,16.5,7
7/25/2017,10.8,102,16.3,7
7/26/2017,10.5,102,17,7
7/27/2017,10.4,103,17.6,7
7/28/2017,10.1,103,17.4,7
7/29/2017,9.86,105,17,7
7/30/2017,9.54,105,16.8,7
7/31/2017,9.44,106,17,7
8/1/2017,9.38,106,17.3,7
8/2/2017,9.57,105,17.3,7.1
8/3/2017,9.86,104,17.3,7.1
8/4/2017,9.48,106,17.6,7.1
8/5/2017,9.19,106,17,7.1
8/6/2017,8.98,107,17.1,7.1
8/7/2017,8.77,108,16.8,7.1
8/8/2017,8.66,108,16.8,7.1
8/9/2017,8.53,108,16.8,7.1
8/10/2017,8.42,109,16.7,7.1
8/11/2017,8.28,109,16.6,7.1
8/12/2017,8.11,110,16.5,7.1
8/13/2017,7.98,111,16.1,7.1
8/14/2017,7.92,111,15.4,7.1
8/15/2017,8.18,109,15.3,7.1
8/16/2017,8.37,108,15.8,7.1
8/17/2017,7.97,111,16.3,7.1
8/18/2017,7.72,112,16.7,7.1
8/19/2017,7.59,113,17.1,7.1
8/20/2017,7.69,113,17.4,7.1
8/21/2017,7.51,113,16.7,7.1
8/22/2017,7.32,114,16.7,7.1
8/23/2017,7.13,115,16.3,7.1
8/24/2017,7.14,115,17,7.1
8/25/2017,6.93,116,16.8,7.1
8/26/2017,6.68,117,17.2,7.1
8/27/2017,6.42,118,16.8,7.1
8/28/2017,6.25,119,16.9,7.1
8/29/2017,6.14,120,17.9,7.1
8/30/2017,6.21,123,18.2,7.1
8/31/2017,6.12,122,17.9,7.1
9/1/2017,5.89,123,18.1,7.1
9/2/2017,5.86,123,17.6,7.1
9/3/2017,5.96,123,17.8,7.1
9/4/2017,5.77,125,18.5,7.1
9/5/2017,5.93,124,18.2,7.1
9/6/2017,6.35,121,17.7,7.1
9/7/2017,6.52,121,17.1,7.1
9/8/2017,6.26,121,16.4,7.1
9/9/2017,6.14,121,15.9,7.1
9/10/2017,6.05,122,16.1,7.1
9/11/2017,5.85,123,16.6,7.1
9/12/2017,5.98,126,16.9,7.1
9/13/2017,5.97,126,16.4,7.1
9/14/2017,6.53,123,15.6,7.1
9/15/2017,6.94,119,15,7.2
9/16/2017,6.66,119,14,7.2
9/17/2017,6.43,120,13.9,7.2
9/18/2017,6.34,121,13.6,7.2
9/19/2017,6.46,117,13.3,7.2
9/20/2017,6.73,115,12.8,7.2
9/21/2017,8.56,114,11.8,7.2
9/22/2017,7.79,114,9.5,7.2
9/23/2017,7.57,112,9.8,7.2
9/24/2017,7.22,113,9.9,7.2
9/25/2017,6.89,114,10.2,7.2
9/26/2017,6.62,115,10.7,7.2
9/27/2017,6.38,116,11.2,7.2
9/28/2017,6.16,118,11.5,7.2
9/29/2017,6.06,119,11.8,7.2
9/30/2017,6.07,117,11.8,7.2
10/1/2017,6.25,117,12,7.2
10/2/2017,6.4,116,11.3,7.2
10/3/2017,6.31,116,9.4,7.2
10/4/2017,6.38,115,8.2,7.2
10/5/2017,6.29,116,8.7,7.2
10/6/2017,6.03,117,8.9,7.2
10/7/2017,5.79,118,9.7,7.2
10/8/2017,5.86,119,10.2,7.2
10/9/2017,5.92,119,10.2,7.2
10/10/2017,5.81,121,9.2,7.2
10/11/2017,5.82,122,9.3,7.2
10/12/2017,5.96,121,8.8,7.2
10/13/2017,5.94,121,7.8,7.2
10/14/2017,5.82,121,7.9,7.2
10/15/2017,5.61,122,8.6,7.2
10/16/2017,5.47,123,9.3,7.2
10/17/2017,5.44,124,10,7.2
10/18/2017,5.63,123,10.9,7.2
10/19/2017,5.7,122,10.5,7.2
10/20/2017,6.24,118,9.6,7.2
10/21/2017,6.7,116,8.7,7.2
10/22/2017,6.24,117,8.9,7.2
10/23/2017,5.78,119,10.1,7.2
10/24/2017,5.59,121,11,7.2
10/25/2017,5.54,121,11,7.2
10/26/2017,5.59,122,11.1,7.2
10/27/2017,5.55,122,11.2,7.2
10/28/2017,5.5,122,10.9,7.2
10/29/2017,5.47,123,10.6,7.2
10/30/2017,5.66,121,10.6,7.2
10/31/2017,5.91,118,9.6,7.2
11/1/2017,5.95,118,8.8,7.2
11/2/2017,6.1,117,8.7,7.2
11/3/2017,6.54,115,8.8,7.2
11/4/2017,6.57,115,8.2,7.2
11/5/2017,6.62,115,8.6,7.2
11/6/2017,6.46,114,7,7.2
11/7/2017,6.19,115,6,7.2
11/8/2017,6.11,115,6.9,7.2
11/9/2017,6.15,115,7.5,7.2
11/10/2017,6.33,114,8.3,7.2
11/11/2017,6.37,114,7.7,7.2
11/12/2017,6.03,114,7,7.2
11/13/2017,5.85,116,6.4,7.2
11/14/2017,5.94,116,6.9,7.2
11/15/2017,5.87,116,6.9,7.2
11/16/2017,6.12,116,8.6,7.2
11/17/2017,29.3,113,9.1,7.4
11/18/2017,10.5,115,6.9,7.2
11/19/2017,8.26,118,6.2,7.2
11/20/2017,7.72,119,6.3,7.2
11/21/2017,7.43,119,8.1,7.2
11/22/2017,7.19,120,9.5,7.2
11/23/2017,7.14,121,9.5,7.2
11/24/2017,7.22,120,9.1,7.2
11/25/2017,7.11,120,8.9,7.2
11/26/2017,7.05,120,9.2,7.2
11/27/2017,14.1,106,8.2,7.2
11/28/2017,8.86,113,5.9,7.2
11/29/2017,7.91,115,5.9,7.2
11/30/2017,7.43,115,5.7,7.2
12/1/2017,7.2,116,5.8,7.2
12/2/2017,7.05,116,5.8,7.2
12/3/2017,7.02,116,5.8,7.2
12/4/2017,7.11,116,5.2,7.2
12/5/2017,6.96,117,3.3,7.2
12/6/2017,6.93,117,3.2,7.2
12/7/2017,6.77,116,3.5,7.2
12/8/2017,6.69,116,4,7.2
12/9/2017,6.61,116,4.4,7.2
12/10/2017,6.49,117,4.4,7.2
12/11/2017,6.39,118,4.5,7.2
12/12/2017,6.34,118,4.1,7.2
12/13/2017,6.3,118,4.1,7.2
12/14/2017,6.28,118,4.3,7.2
12/15/2017,6.2,118,4.7,7.2
12/16/2017,6.43,118,4.5,7.2
12/17/2017,6.56,118,3.6,7.2
12/18/2017,6.43,118,3.5,7.2
12/19/2017,6.45,118,3.7,7.2
12/20/2017,6.8,116,3.3,7.2
12/21/2017,6.59,117,2,7.2
12/22/2017,6.71,117,1.8,7.2
12/23/2017,6.82,116,2.8,7.2
12/24/2017,6.79,116,4.2,7.2
12/25/2017,6.6,116,4.3,7.2
12/26/2017,6.57,116,5.3,7.2
12/27/2017,6.41,117,5.3,7.2
12/28/2017,6.28,118,5.1,7.2
12/29/2017,6.15,118,5.2,7.2
12/30/2017,6.06,119,5,7.2
12/31/2017,6.05,119,5.3,7.2
1/1/2018,6.01,119,5.2,7.2
1/2/2018,6,119,6.2,7.2
1/3/2018,5.99,119,6.7,7.2
1/4/2018,6.62,116,7.9,7.2
1/5/2018,6.51,115,8.4,7.2
1/6/2018,6.75,115,8.5,7.2
1/7/2018,6.68,115,7.1,7.2
1/8/2018,10.3,106,7.4,7.3
1/9/2018,18.1,90,7.3,7.3
1/10/2018,11.3,104,5.9,7.2
1/11/2018,8.93,111,5.9,7.2
1/12/2018,8.12,114,6.1,7.2
1/13/2018,7.54,117,6.1,7.2
1/14/2018,7.22,118,6.7,7.2
1/15/2018,7,119,6.9,7.2
1/16/2018,6.8,120,6.9,7.2
1/17/2018,6.66,121,6.8,7.2
1/18/2018,6.57,121,7.4,7.2
1/19/2018,8.4,115,6.6,7.2
1/20/2018,8.72,111,3.8,7.2
1/21/2018,7.28,118,2.7,7.2
1/22/2018,7.24,118,3.2,7.2
1/23/2018,7.23,118,3.7,7.2
1/24/2018,7.15,118,3.9,7.2
1/25/2018,7.58,116,3.8,7.2
1/26/2018,7.07,118,3,7.2
1/27/2018,7,119,2.9,7.2
1/28/2018,7.16,118,4.3,7.2
1/29/2018,7.52,116,5.6,7.2
1/30/2018,7.43,116,6.3,7.2
1/31/2018,7.04,118,6.3,7.2
2/1/2018,6.69,119,6.5,7.2
2/2/2018,6.55,119,7,7.2
2/3/2018,6.4,120,7.1,7.2
2/4/2018,6.25,121,7.3,7.2
2/5/2018,6.18,122,7.4,7.2
2/6/2018,6.17,121,7.3,7.2
2/7/2018,6.02,121,7.5,7.2
2/8/2018,5.97,121,7.5,7.2
2/9/2018,5.96,121,7.7,7.2
2/10/2018,6.02,122,7.7,7.2
2/11/2018,6.02,122,6.6,7.2
2/12/2018,6.12,122,4.8,7.2
2/13/2018,6.2,121,4.2,7.2
2/14/2018,6.16,121,4.6,7.2
2/15/2018,6.17,121,4.5,7.2
2/16/2018,6.13,120,4.6,7.2
2/17/2018,6.07,120,5.1,7.2
2/18/2018,5.98,121,5.4,7.2
2/19/2018,6.08,121,3.4,7.2
2/20/2018,6.08,125,1.8,7.2
2/21/2018,6.21,122,1.7,7.2
2/22/2018,6.15,124,1.5,7.2
2/23/2018,6.58,115,1,7.3
2/24/2018,6.71,120,1.3,7.2
2/25/2018,6.81,114,1.8,7.2
2/26/2018,6.86,113,2.2,7.2
2/27/2018,7.47,109,1.3,7.2
2/28/2018,7.32,114,1.6,7.2
3/1/2018,7.67,110,2.2,7.2
3/2/2018,14.9,93,2.9,7.3
3/3/2018,11.4,101,2.1,7.2
3/4/2018,9.35,109,1.9,7.2
3/5/2018,9.36,111,2.6,7.2
3/6/2018,10.6,104,3.7,7.2
3/7/2018,10.7,103,4.5,7.2
3/8/2018,10.8,103,5,7.2
3/9/2018,12.2,100,6,7.2
3/10/2018,16.3,93,6.2,7.2
3/11/2018,19.9,83,6.5,7.2
3/12/2018,17.2,88,7.5,7.2
3/13/2018,33.8,79,7.9,7.3
3/14/2018,62.2,55,5.2,7.3
3/15/2018,29.7,51,3.6,7.3
3/16/2018,24.4,,3.2,7.3
3/17/2018,23.3,,2.8,7.3
3/18/2018,19.3,,3.4,7.2
3/19/2018,18.5,,4.7,7.2
3/20/2018,20.5,,5.3,7.2
3/21/2018,84.5,,5.4,7.3
3/22/2018,155,,5.7,7.3
3/23/2018,124,,5.5,7.3
3/24/2018,56.5,,4.1,7.2
3/25/2018,41.1,,3.9,7.2
3/26/2018,32.3,,3.6,7.3
3/27/2018,27.7,,5,7.3
3/28/2018,25.8,,6.7,7.2
3/29/2018,26.4,,7.8,7.2
3/30/2018,27.8,,8.6,7.2
3/31/2018,28.1,,8.2,7.2
4/1/2018,28.1,,9,7.2
4/2/2018,27.9,,8.6,7.2
4/3/2018,26.6,,8.7,7.2
4/4/2018,25.4,,8.9,7.2
4/5/2018,24.8,,9.3,7.2
4/6/2018,25,,9.5,7.2
4/7/2018,104,,9.5,7.1
4/8/2018,66.8,,8.3,7.1
4/9/2018,48.1,,8.9,7.1
4/10/2018,40.4,,10,7.1
4/11/2018,35.9,,9.8,7.2
4/12/2018,34.8,,6.2,7.2
4/13/2018,30.7,,6.1,7.2
4/14/2018,27.6,,7.8,7.2
4/15/2018,25.6,,8.4,7.2
4/16/2018,26.3,,6.1,7.2
4/17/2018,25.6,,4.8,7.2
4/18/2018,23.7,,6.1,7.2
4/19/2018,23,,5.5,7.2
4/20/2018,21.7,,6.7,7.2
4/21/2018,20.5,,8.7,7.1
4/22/2018,19.4,,10,7.1
4/23/2018,18.7,,11.1,7.1
4/24/2018,18,,11.7,7.1
4/25/2018,17.3,77,11.7,7.1
4/26/2018,16.8,79,12.4,7.1
4/27/2018,16.5,81,11.7,7.1
4/28/2018,16.4,81,9.3,7.1
4/29/2018,16.3,81,7.7,7.1
4/30/2018,16.1,81,7.7,7.1
5/1/2018,17.9,79,7.3,7.1
5/2/2018,17,79,8.1,7.1
5/3/2018,15.9,80,9.9,7.1
5/4/2018,14.8,83,10.9,7.1
5/5/2018,14.1,85,11.8,7.1
5/6/2018,13.6,87,12.7,7.1
5/7/2018,13.3,87,12.6,7.1
5/8/2018,13,88,13.2,7.1
5/9/2018,12.6,89,13.7,7.1
5/10/2018,12.5,89,13.5,7.1
5/11/2018,12.5,89,12.4,7.1
5/12/2018,12.2,88,11.2,7.1
5/13/2018,12,89,10.4,7.1
5/14/2018,12,89,11.4,7.1
5/15/2018,11.7,91,12.4,7.1
5/16/2018,11.5,91,11.8,7.1
5/17/2018,11.4,89,10.7,7.1
5/18/2018,11.2,89,11.8,7.1
5/19/2018,11.2,89,12.5,7.1
5/20/2018,11,91,12.7,7.1
5/21/2018,11,92,11.6,7.1
5/22/2018,10.7,92,12.3,7.1
5/23/2018,10.4,92,13.3,7.1
5/24/2018,10.2,92,13.5,7.1
5/25/2018,10.8,92,11.3,7.1
5/26/2018,11.1,91,9.6,7.1
5/27/2018,10.7,92,11.1,7.1
5/28/2018,10,94,13.1,7.1
5/29/2018,9.47,97,14.4,7.1
5/30/2018,9.21,99,14.7,7.1
5/31/2018,9.16,99,12.8,7.1
6/1/2018,9.04,99,12,7.1
6/2/2018,8.64,100,13.4,7.1
6/3/2018,8.31,101,14.7,7.1
6/4/2018,8.09,102,15.3,7.1
6/5/2018,7.94,103,14.8,7.1
6/6/2018,7.91,103,13.9,7.1
6/7/2018,7.97,102,13.7,7.2
6/8/2018,7.91,103,14.4,7.2
6/9/2018,7.78,105,14.7,7.1
6/10/2018,7.8,105,13.4,7.1
6/11/2018,7.54,106,13.5,7.2
6/12/2018,7.13,108,14.6,7.1
6/13/2018,6.89,110,16,7.1
6/14/2018,6.68,112,16.3,7.1
6/15/2018,6.55,113,15.6,7.1
6/16/2018,6.5,113,14.5,7.1
6/17/2018,6.87,110,12.5,7.2
6/18/2018,6.95,109,12.8,7.1
6/19/2018,6.64,111,14.6,7.1
6/20/2018,6.27,113,16.2,7.1
6/21/2018,5.93,116,16.8,7.1
6/22/2018,5.76,117,16.8,7.1
6/23/2018,5.6,118,16.8,7.1
6/24/2018,5.48,119,17.3,7.1
6/25/2018,5.37,120,17.6,7.1
6/26/2018,5.28,120,17.7,7.1
6/27/2018,5.2,121,17.7,7.1
6/28/2018,5.07,122,16.5,7.1
6/29/2018,5.1,121,16,7.1
6/30/2018,5.05,122,16.8,7.1
7/1/2018,4.81,126,17.7,7.1
7/2/2018,4.7,126,18.2,7.1
7/3/2018,4.64,127,17.9,7.1
7/4/2018,4.52,128,17.1,7.1
7/5/2018,4.35,129,16.6,7.1
7/6/2018,4.24,131,17.3,7.1
7/7/2018,4.13,132,18.1,7.1
7/8/2018,4,134,18.6,7.1
7/9/2018,3.9,135,18,7.1
7/10/2018,3.84,136,17.5,7.1
7/11/2018,3.93,134,17.4,7.1
7/12/2018,4.19,131,17.8,7.1
7/13/2018,4.07,132,18.7,7.1
7/14/2018,3.82,137,19,7.1
7/15/2018,3.73,139,19.4,7.1
7/16/2018,3.64,141,19.5,7.1
7/17/2018,3.54,143,19.3,7.1
7/18/2018,3.48,143,19,7.1
7/19/2018,3.42,144,19,7.1
7/20/2018,3.32,145,19.2,7.1
7/21/2018,3.35,145,19.3,7.1
7/22/2018,3.43,144,19.6,7.1
7/23/2018,3.35,145,19.6,7.1
7/24/2018,3.27,148,19.9,7.1
7/25/2018,3.18,149,20,7.1
7/26/2018,3.05,153,19.6,7.1
7/27/2018,2.98,156,19.3,7
7/28/2018,2.93,157,19,7
7/29/2018,2.88,157,18.5,7
7/30/2018,2.89,159,18.7,7
7/31/2018,2.85,159,18.9,7
8/1/2018,2.77,161,19.2,7
8/2/2018,2.74,162,18.6,7
8/3/2018,2.71,163,18,7
8/4/2018,2.7,165,17.5,7
8/5/2018,2.7,164,17.1,7
8/6/2018,2.72,164,16.7,7
8/7/2018,2.72,163,17,7
8/8/2018,2.64,164,17.3,7
8/9/2018,2.56,166,17.5,7
8/10/2018,2.56,166,17.6,7
8/11/2018,2.61,165,17.6,7
8/12/2018,2.62,165,17.6,7
8/13/2018,2.6,164,17.7,7
8/14/2018,2.61,165,17.5,7
8/15/2018,2.6,165,17.5,7
8/16/2018,2.57,166,17.7,7
8/17/2018,2.53,167,18,7
8/18/2018,2.57,165,18.2,7.1
8/19/2018,2.53,166,18,7.1
8/20/2018,2.44,169,17.5,7.1
8/21/2018,2.44,171,17,7.1
8/22/2018,2.47,172,16.4,7.1
8/23/2018,2.52,170,16.5,7.1
8/24/2018,2.62,168,16.5,7.1
8/25/2018,2.68,165,16.6,7.1
8/26/2018,2.61,167,16.2,7.1
8/27/2018,2.6,167,15.9,7.1
8/28/2018,2.61,169,15.5,7.1
8/29/2018,2.63,167,15.9,7.1
8/30/2018,2.61,167,15.9,7.1
8/31/2018,2.71,167,15.6,7.1
9/1/2018,2.84,163,15.7,7.1
9/2/2018,2.66,165,15.7,7.1
9/3/2018,2.52,167,16.2,7.1
9/4/2018,2.56,168,16.3,7.1
9/5/2018,3.04,162,15.9,7.1
9/6/2018,2.86,161,16.5,7.1
9/7/2018,2.56,169,17,7.1
9/8/2018,2.47,170,16.9,7.1
9/9/2018,2.47,171,16.4,7.1
9/10/2018,2.43,173,15.8,7.1
9/11/2018,2.47,173,15.4,7.1
9/12/2018,2.51,173,14.8,7.1
9/13/2018,2.54,170,13.7,7.1
9/14/2018,2.54,169,13.6,7.1
9/15/2018,2.51,171,13.9,7.1
9/16/2018,2.54,170,13.4,7.1
9/17/2018,2.54,170,13.1,7.1
9/18/2018,2.57,172,13.3,7.1
9/19/2018,2.61,172,13.5,7.1
9/20/2018,2.67,171,13.6,7.1
9/21/2018,2.51,172,14,7.1
9/22/2018,2.44,175,14,7.1
9/23/2018,2.46,176,14.4,7.1
9/24/2018,2.47,175,13.9,7.1
9/25/2018,2.49,175,14,7.1
9/26/2018,2.39,178,14.1,7.1
9/27/2018,2.34,178,14.4,7.1
9/28/2018,2.32,179,14.6,7.1
9/29/2018,2.43,173,14.1,7.1
9/30/2018,2.55,169,13.3,7.1
10/1/2018,2.51,169,13.8,7.1
10/2/2018,2.82,170,14.7,7.1
10/3/2018,6.23,158,14.2,7.1
10/4/2018,9.4,199,12.1,7.4
10/5/2018,3.69,207,12.6,7.2
10/6/2018,3.49,192,12.7,7.2
10/7/2018,3.66,166,11.7,7.2
10/8/2018,3.3,163,11.3,7.1
10/9/2018,3.14,162,11.1,7.1
10/10/2018,3.12,160,11,7.2
10/11/2018,3.26,157,10.9,7.2
10/12/2018,3.22,155,10.9,7.2
10/13/2018,3.12,157,11.2,7.1
10/14/2018,3.18,159,11.5,7.1
10/15/2018,3.11,156,10.7,7.2
10/16/2018,3.06,155,9.7,7.2
10/17/2018,3.04,156,9.6,7.2
10/18/2018,3.01,156,9.5,7.2
10/19/2018,3.03,156,9.7,7.2
10/20/2018,2.99,156,9.9,7.2
10/21/2018,3.04,157,10.5,7.2
10/22/2018,3.07,158,10.5,7.2
10/23/2018,3.07,155,10.5,7.2
10/24/2018,3.06,154,10.5,7.2
10/25/2018,3.01,154,10.3,7.2
10/26/2018,2.97,155,10.7,7.2
10/27/2018,2.9,156,11,7.2
10/28/2018,2.91,156,10.8,7.2
10/29/2018,3.05,154,10.9,7.2
10/30/2018,3.3,152,10.1,7.1
10/31/2018,3.27,152,9,7.2
11/1/2018,3.15,150,8.9,7.2
11/2/2018,3.05,149,9.2,7.2
11/3/2018,3.09,151,9.3,7.2
11/4/2018,3.1,152,9.8,7.2
11/5/2018,3.1,153,9.8,7.2
11/6/2018,3.2,152,9.5,7.2
11/7/2018,3.15,152,9,7.2
11/8/2018,3.16,152,8.4,7.2
11/9/2018,3.09,151,7.1,7.2
11/10/2018,3.01,150,6.3,7.2
11/11/2018,2.99,146,5.8,7.2
11/12/2018,3,146,5.7,7.2
11/13/2018,3.02,146,5.8,7.2
11/14/2018,3.05,146,6.2,7.2
11/15/2018,3.06,146,6.4,7.2
11/16/2018,3.04,147,6.8,7.2
11/17/2018,3.07,148,6.6,7.2
11/18/2018,3.13,147,6.4,7.2
11/19/2018,3.13,148,6.1,7.2
11/20/2018,3.18,147,6.1,7.2
11/21/2018,3.23,146,6.1,7.2
11/22/2018,9.27,117,6.7,7.2
11/23/2018,4.47,135,6.9,7.1
11/24/2018,4.52,134,8.1,7.2
11/25/2018,4.07,138,8.4,7.1
11/26/2018,3.76,144,7.7,7.1
11/27/2018,3.64,147,7.9,7.1
11/28/2018,5.39,135,7.6,7.2
11/29/2018,44.7,101,6.5,7.4
11/30/2018,37.5,83,5.3,7.4
12/1/2018,13.3,100,5,7.3
12/2/2018,8.87,109,3.9,7.3
12/3/2018,7.07,114,4,7.2
12/4/2018,6.7,115,4.6,7.2
12/5/2018,6.83,113,5.6,7.2
12/6/2018,11.7,96,5.9,7.3
12/7/2018,8.54,100,5.3,7.2
12/8/2018,7.2,107,4.9,7.2
12/9/2018,6.57,109,4.6,7.2
12/10/2018,6.21,110,4.9,7.2
12/11/2018,5.96,110,4.3,7.3
12/12/2018,5.64,112,4,7.3
12/13/2018,5.42,112,4.1,7.3
12/14/2018,5.39,112,4.9,7.3
12/15/2018,5.24,112,4.5,7.3
12/16/2018,5.12,112,5.1,7.3
12/17/2018,5.69,110,6.2,7.3
12/18/2018,5.7,110,6,7.3
12/19/2018,5.37,112,5.1,7.3
12/20/2018,5.22,113,5.3,7.3
12/21/2018,5.15,113,6.1,7.3
12/22/2018,5.31,111,5.4,7.3
12/23/2018,5.07,112,5.4,7.3
12/24/2018,5.55,111,5.1,7.3
12/25/2018,11.7,92,4.5,7.4
12/26/2018,6.96,104,3.7,7.4
12/27/2018,6.29,109,3.7,7.3
12/28/2018,5.74,112,3.2,7.3
12/29/2018,5.35,115,2,7.3
12/30/2018,5.38,115,2.2,7.3
12/31/2018,5.31,115,2.4,7.3
1/1/2019,5,117,1.9,7.3
1/2/2019,4.85,119,1.4,7.3
1/3/2019,4.95,116,1.8,7.3
1/4/2019,4.93,115,2.6,7.3
1/5/2019,5.18,114,3.4,7.3
1/6/2019,7.29,105,3.3,7.4
1/7/2019,36.6,69,3.5,7.4
1/8/2019,16.9,82,4.7,7.3
1/9/2019,14.7,86,5,7.3
1/10/2019,13.5,88,4.7,7.3
1/11/2019,10.6,95,3.8,7.3
1/12/2019,9.47,98,5.1,7.3
1/13/2019,8.7,100,4.2,7.3
1/14/2019,8.43,102,4.1,7.3
1/15/2019,8.45,102,4.2,7.3
1/16/2019,9.15,99,5.1,7.3
1/17/2019,99.7,67,5.7,7.3
1/18/2019,43.6,67,5.2,7.4
1/19/2019,25.5,75,5.4,7.3
1/20/2019,19.6,79,5.8,7.3
1/21/2019,23,77,2.9,7.3
1/22/2019,17,84,2.3,7.3
1/23/2019,15.6,87,2.8,7.3
1/24/2019,14.9,88,3.5,7.3
1/25/2019,14.2,89,3.8,7.3
1/26/2019,13.7,90,4.3,7.3
1/27/2019,13.8,89,5.1,7.3
1/28/2019,14,89,5.7,7.2
1/29/2019,13.8,88,6.4,7.2
1/30/2019,13.3,90,6.6,7.2
1/31/2019,13.3,90,6.9,7.3
2/1/2019,12.8,91,6.3,7.3
2/2/2019,27.8,73,6.4,7.3
2/3/2019,41.2,69,3.9,7.3
2/4/2019,44.9,74,3.6,7.3
2/5/2019,32.6,81,0.9,7.4
2/6/2019,24.9,86,0.9,7.4
2/7/2019,21.9,88,1.1,7.3
2/8/2019,20.1,90,1.9,7.3
2/9/2019,19.9,89,2.4,7.3
2/10/2019,17.9,92,1.4,7.3
2/11/2019,18,93,0.8,7.3
2/12/2019,17.4,92,1.3,7.3
2/13/2019,32.2,83,2.6,7.3
2/14/2019,105,62,3.5,7.3
2/15/2019,92.3,66,2.9,7.3
2/16/2019,62.4,73,2,7.3
2/17/2019,51.1,74,1,7.3
2/18/2019,43.1,77,1.3,7.3
2/19/2019,36.9,79,1.3,7.3
2/20/2019,34.5,81,1.9,7.3
2/21/2019,33.9,80,1.1,7.3
2/22/2019,30.3,84,1,7.3
2/23/2019,29.2,85,1.8,7.3
2/24/2019,29.4,86,3,7.3
2/25/2019,30.1,86,3.8,7.3
2/26/2019,30.3,87,3.9,7.3
2/27/2019,33.9,87,5.1,7.3
2/28/2019,58.2,78,5.4,7.2
3/1/2019,53.9,81,5,7.2
3/2/2019,194,60,5,7.3
3/3/2019,155,60,5.2,7.3
3/4/2019,85.1,72,4.9,7.2
3/5/2019,95.8,71,4.9,7.2
3/6/2019,303,53,5.4,7.3
3/7/2019,137,59,5.3,7.3
3/8/2019,114,,,7.25
3/9/2019,80.3,66,3.7,7.2
3/10/2019,67.6,63,4.3,7.2
3/11/2019,58.3,62,4.4,7.2
3/12/2019,54.9,71,5.1,7.2
3/13/2019,50.6,70,5,7.2
3/14/2019,47.5,76,4.8,7.2
3/15/2019,45.9,83,4.9,7.2
3/16/2019,45.6,82,5.4,7.2
3/17/2019,46.9,81,5.8,7.1
3/18/2019,50.1,79,6.4,7.2
3/19/2019,56.9,74,6.7,7.2
3/20/2019,65.8,69,5.4,7.2
3/21/2019,64.2,72,4.3,7.2
3/22/2019,58.2,75,5.6,7.2
3/23/2019,55,77,5.5,7.2
3/24/2019,52.2,78,5.9,7.1
3/25/2019,51.4,78,6.1,7.1
3/26/2019,51.1,77,6.4,7.1
3/27/2019,50.1,77,6.4,7.1
3/28/2019,50.2,77,6.7,7.1
3/29/2019,49.9,78,5.8,7.1
3/30/2019,50.9,79,6.4,7.1
3/31/2019,52.8,78,6.8,7.1
4/1/2019,54.4,75,7.6,7.1
4/2/2019,55.5,71,7.4,7.1
4/3/2019,57.7,71,7.1,7.1
4/4/2019,58.7,72,6.6,7.1
4/5/2019,59.6,73,6.5,7.1
4/6/2019,57.7,73,7.3,7.1
4/7/2019,58.7,72,8.1,7.1
4/8/2019,68.2,67,9.1,7.1
4/9/2019,78.2,61,7.4,7.1
4/10/2019,71.6,63,5.9,7.1
4/11/2019,65.8,65,6.2,7.1
4/12/2019,61.9,67,6.7,7
4/13/2019,57.7,69,7.3,7
4/14/2019,58.5,69,8.2,7
4/15/2019,60.5,68,8,7
4/16/2019,62.2,67,6.8,7
4/17/2019,58.3,69,7.9,7
4/18/2019,58.9,66,9.1,7
4/19/2019,64.7,61,9.4,7
4/20/2019,70.3,57,9,7
4/21/2019,70,56,8.2,7
4/22/2019,67.1,57,8.5,7
4/23/2019,66.3,57,9.2,7
4/24/2019,70.7,54,9.9,7
4/25/2019,78.3,51,10.5,7
4/26/2019,82.8,47,10.7,7
4/27/2019,84,46,9.6,6.9
4/28/2019,81.7,47,9.5,6.9
4/29/2019,78.7,48,8.7,6.9
4/30/2019,72.2,50,8.4,6.9
5/1/2019,66.9,52,8.3,6.9
5/2/2019,64.1,54,8.7,6.9
5/3/2019,61.5,54,9.1,6.9
5/4/2019,59.8,54,9.4,6.9
5/5/2019,57.7,54,8.9,6.9
5/6/2019,56,54,7.4,6.9
5/7/2019,54.7,56,9.2,6.9
5/8/2019,54,56,10.7,6.9
5/9/2019,56.3,55,10.6,6.9
5/10/2019,65.9,52,9,6.9
5/11/2019,57.9,53,9.4,6.9
5/12/2019,55.5,53,10.6,6.9
5/13/2019,54.1,54,11,6.9
5/14/2019,53.6,53,10.6,6.9
5/15/2019,53.6,53,10.3,6.8
5/16/2019,81.1,49,8,6.9
5/17/2019,64.9,51,6.3,6.9
5/18/2019,61.1,51,7.4,6.9
5/19/2019,70.3,50,6.2,6.9
5/20/2019,61.5,53,5.7,6.9
5/21/2019,58.8,55,6.1,6.9
5/22/2019,59.7,55,5.8,6.9
5/23/2019,59.7,55,6.9,6.9
5/24/2019,59,56,7.9,6.9
5/25/2019,57.4,55,8.8,6.8
5/26/2019,59.6,54,6.1,6.9
5/27/2019,59.9,56,5.4,6.9
5/28/2019,58.6,55,7.6,6.9
5/29/2019,58.5,55,9.5,6.9
5/30/2019,57.7,55,10.3,6.8
5/31/2019,57.2,55,10.7,6.8
6/1/2019,59.1,55,10.1,6.8
6/2/2019,57.8,55,10,6.8
6/3/2019,56,55,10.7,6.8
6/4/2019,55.3,56,12.4,6.8
6/5/2019,55.5,55,14,6.8
6/6/2019,57.4,53,13.6,6.8
6/7/2019,57,52,11.2,6.8
6/8/2019,55,53,10.8,6.8
6/9/2019,52.2,52,11.9,6.8
6/10/2019,50.7,53,12.3,6.7
6/11/2019,49.5,54,12.6,6.7
6/12/2019,48.8,56,13.6,6.8
6/13/2019,48.7,57,13.4,6.8
6/14/2019,48,57,13.3,6.8
6/15/2019,47.1,58,13.6,6.8
6/16/2019,46,57,14.2,6.8
6/17/2019,46,58,13.4,6.8
6/18/2019,42.8,59,13.9,6.9
6/19/2019,41.7,59,15.1,6.9
6/20/2019,40.5,60,14.6,6.9
6/21/2019,40,60,13.5,6.9
6/22/2019,38.6,60,13.2,6.9
6/23/2019,36.5,61,13,6.9
6/24/2019,35.3,61,13.6,7
6/25/2019,33.8,62,13.5,7
6/26/2019,32.6,62,12.8,7
6/27/2019,31.8,65,12.6,7
6/28/2019,30.6,67,12.5,7
6/29/2019,29.4,68,12.8,7
6/30/2019,28.2,69,13.1,7
7/1/2019,27.3,71,13.5,7
7/2/2019,26.4,72,13,7
7/3/2019,25.5,73,12.8,7
7/4/2019,24.9,74,13.2,7
7/5/2019,24.1,75,14.2,7
7/6/2019,23.6,78,14.7,7
7/7/2019,23,79,13.9,7
7/8/2019,22.3,80,13.3,7
7/9/2019,21.7,81,13.5,7
7/10/2019,21,82,14.4,7
7/11/2019,20.3,84,15.4,7
7/12/2019,19.8,85,16.1,7
7/13/2019,18.8,87,16,7
7/14/2019,18.2,88,16.5,7
7/15/2019,17.9,89,15.9,6.9
7/16/2019,17.6,89,15.6,6.9
7/17/2019,17.2,88,15.5,6.9
7/18/2019,16.6,90,15.8,6.9
7/19/2019,16.4,91,15.4,6.9
7/20/2019,16.2,92,15.7,6.9
7/21/2019,15.7,93,16.3,6.9
7/22/2019,15,94,16.5,6.9
7/23/2019,15.2,95,16.5,6.9
7/24/2019,14.6,98,17.1,6.9
7/25/2019,15,100,16.8,6.9
7/26/2019,14.4,100,17.4,6.9
7/27/2019,13.7,102,17.4,6.9
7/28/2019,13.1,103,16.7,6.8
7/29/2019,12.7,101,16.1,6.8
7/30/2019,12.6,102,16.3,6.8
7/31/2019,12.3,102,16.2,6.8
8/1/2019,12,102,15.6,6.8
8/2/2019,12,103,15.8,6.8
8/3/2019,11.8,104,16.1,6.8
8/4/2019,11.4,106,16,6.8
8/5/2019,11.1,108,16.9,6.8
8/6/2019,10.8,109,16.6,6.8
8/7/2019,11.1,108,16.6,6.8
8/8/2019,10.9,109,16.5,6.8
8/9/2019,10.6,110,15,6.8
8/10/2019,10.7,109,14.8,6.8
8/11/2019,10.8,108,15,6.8
8/12/2019,10.5,110,15.3,6.8
8/13/2019,10,111,15.6,6.8
8/14/2019,9.64,113,15.9,6.8
8/15/2019,9.4,114,16.4,6.8
8/16/2019,9.23,114,16.7,6.8
8/17/2019,9.09,114,16.3,6.9
8/18/2019,9.11,114,16.1,6.9
8/19/2019,8.92,115,15.6,6.9
8/20/2019,8.75,115,15.3,6.9
8/21/2019,8.72,115,15.8,6.9
8/22/2019,8.76,114,16.4,6.9
8/23/2019,8.6,114,17,6.9
8/24/2019,8.32,115,17.6,6.9
8/25/2019,8.13,115,17.5,6.9
8/26/2019,8.03,114,17.8,6.8
8/27/2019,7.77,115,17.8,6.8
8/28/2019,7.65,,,
8/29/2019,7.62,,,
8/30/2019,7.74,121,16.8,6.8
8/31/2019,7.83,121,16.7,6.8
9/1/2019,7.56,122,15.9,6.8
9/2/2019,7.46,122,16.7,6.8
9/3/2019,7.4,122,17,6.9
9/4/2019,7.41,123,17.3,6.9
9/5/2019,7.8,122,17.4,6.9
9/6/2019,7.65,123,17.6,6.9
9/7/2019,7.57,123,16.9,6.9
9/8/2019,7.88,122,14.9,6.9
9/9/2019,8.06,120,13.9,6.9
9/10/2019,8.32,118,13.2,6.9
9/11/2019,8.22,118,12.7,6.9
9/12/2019,7.63,122,13.3,6.9
9/13/2019,7.37,124,14,6.9
9/14/2019,7.23,125,14.4,6.9
9/15/2019,7.15,125,13.9,6.9
9/16/2019,7.2,125,12.7,6.9
9/17/2019,7.73,122,12.6,6.9
9/18/2019,7.96,121,12.5,6.9
9/19/2019,8.34,120,12,6.9
9/20/2019,8.51,117,11.6,6.9
9/21/2019,8.09,119,11.9,6.9
9/22/2019,7.6,121,12.2,6.9
9/23/2019,7.4,122,12.4,6.9
9/24/2019,7.35,123,12.9,6.9
9/25/2019,7.12,125,13.6,6.9
9/26/2019,7.02,126,14.1,6.9
9/27/2019,7.46,124,14.4,6.9
9/28/2019,8.57,119,13.3,6.9
9/29/2019,8.93,118,10.5,6.9
9/30/2019,8.97,116,8.8,6.9
10/1/2019,9.05,115,8.4,6.9
10/2/2019,8.69,115,8.2,6.9
10/3/2019,8.29,117,9.1,6.9
10/4/2019,8.21,117,9.1,6.9
10/5/2019,7.99,122,9.3,6.9
10/6/2019,7.67,125,10.1,6.9
10/7/2019,7.47,127,10.8,6.9
10/8/2019,7.52,123,11,6.9
10/9/2019,7.48,122,10.9,6.9
10/10/2019,7.45,123,9.6,6.9
10/11/2019,7.31,124,8.8,6.9
10/12/2019,7.26,124,8.4,6.9
10/13/2019,7.2,124,8.3,6.9
10/14/2019,7.24,123,8.5,7
10/15/2019,7.15,123,8.8,6.9
10/16/2019,6.99,124,9.4,7
10/17/2019,7.37,124,9.8,7
10/18/2019,7.94,121,9.3,7
10/19/2019,7.9,120,8.5,7
10/20/2019,8.06,120,8.9,7
10/21/2019,7.86,119,9.7,7
10/22/2019,7.38,120,10.5,7
10/23/2019,7.24,121,10.5,7
10/24/2019,7.1,122,10.5,7
10/25/2019,7.07,122,10.4,7
10/26/2019,7.12,122,10.3,7
10/27/2019,7.42,121,9.4,7
10/28/2019,7.62,119,7.3,7
10/29/2019,7.67,118,6.3,7
10/30/2019,7.63,117,6,7
10/31/2019,7.52,117,5.6,7
11/1/2019,7.4,117,5.8,7
11/2/2019,7.25,117,6.5,7
11/3/2019,7.21,118,7,7
11/4/2019,7.12,118,7.2,7
11/5/2019,7.11,118,7.7,7.1
11/6/2019,7.09,118,7.8,7.1
11/7/2019,7.04,118,7.9,7.1
11/8/2019,6.98,118,7.9,7.1
11/9/2019,7.02,118,7.8,7.1
11/10/2019,7.12,118,7.5,7.1
11/11/2019,7.13,118,7.7,7.1
11/12/2019,7.11,118,8.1,7.1
11/13/2019,7.17,118,8.2,7.1
11/14/2019,7.29,118,8.6,7.1
11/15/2019,7.52,117,8.3,7.1
11/16/2019,7.63,116,7.9,7.1
11/17/2019,7.42,117,8.2,7.1
11/18/2019,7.33,117,8.4,7.2
11/19/2019,7.39,118,8.1,7.2
11/20/2019,9.13,115,7.6,7.1
11/21/2019,8.89,116,6.9,7.1
11/22/2019,8.56,115,6.5,7.1
11/23/2019,8.46,113,6.3,7.1
11/24/2019,8.35,113,5.9,7.1
11/25/2019,8.33,113,5.2,7.1
11/26/2019,8.69,112,4.1,7.2
11/27/2019,12,105,2.1,7.1
11/28/2019,12.3,,,
11/29/2019,12.4,103,,7.1
11/30/2019,13.5,103,1.2,7.1
12/1/2019,17.5,93,1.9,7.1
12/2/2019,16.5,96,3.5,7.1
12/3/2019,16.4,97,4.2,7.1
12/4/2019,38.5,74,4.6,7.1
12/5/2019,17.5,83,4.5,7.1
12/6/2019,12.6,98,4.8,7.1
12/7/2019,15.2,96,5.8,7.1
12/8/2019,40,70,5.7,7.2
12/9/2019,18.4,86,4.4,7.2
12/10/2019,13.8,97,4.5,7.1
12/11/2019,12.2,101,4.5,7.1
12/12/2019,11.7,102,5.1,7.1
12/13/2019,12.5,100,5.8,7.1
12/14/2019,19.9,83,6.3,7.2
12/15/2019,15.3,90,4.5,7.1
12/16/2019,12.2,100,3.1,7.1
12/17/2019,11.4,103,3.2,7.1
12/18/2019,11.2,105,3.5,7.1
12/19/2019,10.7,107,2.6,7.1
12/20/2019,10.4,107,3.5,7.1
12/21/2019,10.2,107,4.8,7.1
12/22/2019,10.3,107,5.7,7.1
12/23/2019,14.2,95,5.5,7.1
12/24/2019,13.8,96,4.1,7.1
12/25/2019,11.8,103,3.6,7.1
12/26/2019,11.2,105,3.7,7.1
12/27/2019,10.5,106,3.1,7.1
12/28/2019,10.1,107,2.8,7.1
12/29/2019,10.1,107,3.1,7.1
12/30/2019,10.2,106,4.3,7.1
12/31/2019,9.9,106,3.7,7.1
1/1/2020,9.71,107,3.8,7.1
1/2/2020,9.78,106,4,7.1
1/3/2020,9.68,106,4.7,7.1
1/4/2020,9.63,106,4.7,7.1
1/5/2020,9.42,107,4.1,7.1
1/6/2020,9.19,107,3.3,7.1
1/7/2020,9.07,108,3.7,7.1
1/8/2020,9.01,109,3.1,7.1
1/9/2020,9.04,110,2.7,7.1
1/10/2020,8.89,109,3,7.1
1/11/2020,8.86,109,3,7.1
1/12/2020,8.74,110,3.1,7.1
1/13/2020,8.59,111,2.8,7.1
1/14/2020,8.53,111,2.3,7.1
1/15/2020,8.34,112,2.3,7.1
1/16/2020,8.62,111,2.6,7.1
1/17/2020,9.51,105,1.5,7.1
1/18/2020,9.49,106,2.2,7.1
1/19/2020,10.1,104,3.7,7.1
1/20/2020,10.7,101,5.3,7.1
1/21/2020,10.1,103,5.5,7.1
1/22/2020,9.4,105,5.5,7.1
1/23/2020,9.08,106,5.3,7.1
1/24/2020,8.88,106,5.3,7.1
1/25/2020,8.67,107,5,7.1
1/26/2020,8.99,105,6,7.1
1/27/2020,8.99,104,5.7,7.1
1/28/2020,8.57,106,4.7,7.2
1/29/2020,8.41,107,4.1,7.2
1/30/2020,8.17,107,4,7.2
1/31/2020,7.96,108,5.1,7.2
2/1/2020,7.96,107,6.1,7.1
2/2/2020,8.13,106,5.9,7.2
2/3/2020,7.88,108,3.1,7.2
2/4/2020,7.5,111,1.6,7.2
2/5/2020,7.78,109,1.6,7.2
2/6/2020,7.79,108,2.9,7.2
2/7/2020,7.55,107,4.4,7.2
2/8/2020,7.44,108,5,7.2
2/9/2020,7.43,108,4.5,7.2
2/10/2020,7.19,109,3.8,7.2
2/11/2020,7.01,110,3.8,7.2
2/12/2020,6.92,110,4,7.2
2/13/2020,6.84,110,4.5,7.2
2/14/2020,6.77,110,4.7,7.2
2/15/2020,6.77,110,5.1,7.2
2/16/2020,6.8,110,5.8,7.2
2/17/2020,6.84,109,6.1,7.2
2/18/2020,6.74,109,6.3,7.2
2/19/2020,6.64,110,5.7,7.2
2/20/2020,6.49,110,5.6,7.2
2/21/2020,6.43,111,6.3,7.2
2/22/2020,8.35,105,6.6,7.2
2/23/2020,8.06,104,6.4,7.2
2/24/2020,7.33,107,6.7,7.2
2/25/2020,6.87,109,6.7,7.2
2/26/2020,6.64,110,7.2,7.2
2/27/2020,6.5,110,7.4,7.2
2/28/2020,6.37,110,7.7,7.2
2/29/2020,6.31,110,7.5,7.2
3/1/2020,6.5,110,6.2,7.2
3/2/2020,6.44,110,5,7.2
3/3/2020,6.27,111,5.6,7.2
3/4/2020,6.05,111,7.1,7.2
3/5/2020,6,111,7.9,7.2
3/6/2020,6.01,111,8.3,7.2
3/7/2020,6.11,111,7.4,7.2
3/8/2020,6.13,110,6.2,7.2
3/9/2020,6.03,110,5.9,7.2
3/10/2020,6.05,111,7.6,7.2
3/11/2020,7.05,104,8.1,7.2
3/12/2020,6.34,108,7.5,7.2
3/13/2020,6.81,107,8,7.2
3/14/2020,6.71,106,7.4,7.2
3/15/2020,6.67,106,7.2,7.2
3/16/2020,7.56,104,5.7,7.2
3/17/2020,7.61,103,3.6,7.2
3/18/2020,6.83,107,3.8,7.2
3/19/2020,6.87,107,4.1,7.2
3/20/2020,6.78,107,4.8,7.2
3/21/2020,7.79,103,5.6,7.2
3/22/2020,7.68,103,6.1,7.2
3/23/2020,15.3,83,5.1,7.3
3/24/2020,11.2,93,5.4,7.2
3/25/2020,10.3,98,4.9,7.2
3/26/2020,10,96,2.8,7.2
3/27/2020,8.9,100,3.6,7.2
3/28/2020,8.6,102,4.4,7.2
3/29/2020,9.72,99,4.7,7.2
3/30/2020,9.99,99,5.6,7.2
3/31/2020,11.4,93,7.1,7.2
4/1/2020,12,91,7.5,7.2
4/2/2020,11.3,93,7,7.2
4/3/2020,10.9,93,6.7,7.2
4/4/2020,10.6,93,6.9,7.2
4/5/2020,12,90,7.2,7.2
4/6/2020,23.2,73,5.1,7.4
4/7/2020,18.8,81,5.6,7.3
4/8/2020,24.8,75,5.2,7.4
4/9/2020,20.2,82,5.5,7.4
4/10/2020,17.1,86,5.8,7.3
4/11/2020,15.8,89,6.6,7.3
4/12/2020,16.4,86,7.8,7.3
4/13/2020,20.5,77,8.6,7.4
4/14/2020,19.2,77,7.9,7.3
4/15/2020,18.1,79,8.8,7.3
4/16/2020,18.8,76,9.6,7.3
4/17/2020,22.6,71,8.1,7.3
4/18/2020,29.6,67,7.4,7.4
4/19/2020,25.3,70,8.2,7.4
4/20/2020,22.7,72,8.5,7.4
4/21/2020,25.7,71,7.9,7.4
4/22/2020,22.9,73,9.3,7.4
4/23/2020,23.8,70,11.2,7.3
4/24/2020,24.3,68,12,7.3
4/25/2020,24.4,67,12.7,7.3
4/26/2020,23.6,67,12.5,7.3
4/27/2020,22.6,68,12.1,7.3
4/28/2020,21.9,69,13,7.3
4/29/2020,21.1,69,13.7,7.3
4/30/2020,20.5,69,13.1,7.3
5/1/2020,18.7,72,11.3,7.3
5/2/2020,17.2,75,11,7.3
5/3/2020,16.2,77,10.7,7.2
5/4/2020,15.1,80,11.2,7.2
5/5/2020,14,83,11.9,7.2
5/6/2020,13.3,86,12.4,7.2
5/7/2020,12.6,87,12.9,7.2
5/8/2020,11.8,90,13.6,7.2
5/9/2020,11.3,91,14.4,7.2
5/10/2020,10.8,93,14,7.2
5/11/2020,10.5,94,12.7,7.2
5/12/2020,10.5,93,10.5,7.2
5/13/2020,10.7,92,10.3,7.2
5/14/2020,10.4,92,9.4,7.2
5/15/2020,10.4,92,9.9,7.2
5/16/2020,9.96,93,11.9,7.2
5/17/2020,9.39,95,13.2,7.2
5/18/2020,15.5,84,12.1,7.3
5/19/2020,19.5,76,8.2,7.3
5/20/2020,13.2,87,8.5,7.3
5/21/2020,12.3,91,10.7,7.2
5/22/2020,11.4,91,11.6,7.2
5/23/2020,10.5,93,10.7,7.3
5/24/2020,9.97,94,11.8,7.2
5/25/2020,9.42,96,13.1,7.2
5/26/2020,8.93,97,14.4,7.2
5/27/2020,8.59,99,16,7.2
5/28/2020,8.3,100,17,7.2
5/29/2020,7.93,102,16.8,7.2
5/30/2020,8.05,101,14.5,7.3
5/31/2020,8.11,100,13.4,7.3
6/1/2020,7.88,101,13.8,7.3
6/2/2020,7.62,102,14.3,7.3
6/3/2020,7.18,104,15.5,7.2
6/4/2020,7.02,105,16.5,7.2
6/5/2020,7.44,104,15.5,7.3
6/6/2020,8.17,99,13.6,7.3
6/7/2020,7.88,100,11,7.3
6/8/2020,7.57,101,10.3,7.3
6/9/2020,7.17,103,11.9,7.3
6/10/2020,6.78,105,13.4,7.3
6/11/2020,6.48,106,14.7,7.3
6/12/2020,6.4,107,14.7,7.3
6/13/2020,6.74,105,13.3,7.3
6/14/2020,6.81,105,12.7,7.3
6/15/2020,6.5,106,13.9,7.3
6/16/2020,6.47,107,14.7,7.3
6/17/2020,6.33,108,14,7.3
6/18/2020,6.08,109,14.6,7.3
6/19/2020,5.87,111,15.5,7.2
6/20/2020,5.65,113,16,7.2
6/21/2020,5.56,114,16.4,7.2
6/22/2020,5.51,115,17.2,7.2
6/23/2020,5.34,117,18,7.2
6/24/2020,5.2,119,18.5,7.2
6/25/2020,5.12,121,18.5,7.2
6/26/2020,5.09,121,18.2,7.2
6/27/2020,4.97,122,18.6,7.2
6/28/2020,4.78,124,17.5,7.2
6/29/2020,4.93,121,15.1,7.2
6/30/2020,4.95,121,15.1,7.2
7/1/2020,4.79,123,15.7,7.2
7/2/2020,4.64,124,15.8,7.2
7/3/2020,4.55,125,16,7.2
7/4/2020,4.49,125,16.3,7.2
7/5/2020,4.39,126,16.5,7.2
7/6/2020,4.32,128,16.6,7.2
7/7/2020,4.25,129,16.1,7.2
7/8/2020,4.25,129,15.9,7.2
7/9/2020,4.19,130,16.3,7.2
7/10/2020,4.08,133,17.1,7.2
7/11/2020,3.93,134,17.7,7.1
7/12/2020,3.81,137,18.3,7.1
7/13/2020,3.69,140,18.1,7.1
7/14/2020,3.64,141,17.1,7.1
7/15/2020,3.71,139,17.5,7.1
7/16/2020,3.72,144,18.1,7.1
7/17/2020,3.64,149,18.3,7.1
7/18/2020,3.54,153,18.1,7.1
7/19/2020,3.49,154,18.3,7.1
7/20/2020,3.52,154,18.3,7.2
7/21/2020,3.52,155,18.1,7.2
7/22/2020,3.43,156,17.8,7.2
7/23/2020,3.39,155,16.8,7.2
7/24/2020,3.44,154,17.2,7.2
7/25/2020,3.33,156,17.3,7.2
7/26/2020,3.21,159,17.5,7.2
7/27/2020,3.12,161,17.5,7.2
7/28/2020,3.13,161,17.9,7.2
7/29/2020,3.1,162,18.1,7.2
7/30/2020,3.01,163,18,7.2
7/31/2020,2.95,165,17.8,7.2
8/1/2020,2.97,166,17.8,7.2
8/2/2020,2.98,166,17.5,7.2
8/3/2020,2.94,167,17.1,7.2
8/4/2020,2.94,169,17,7.2
8/5/2020,3.04,168,17,7.2
8/6/2020,3.2,165,16.4,7.2
8/7/2020,3.34,161,16.6,7.2
8/8/2020,3.24,162,17.3,7.2
8/9/2020,3.09,162,17.7,7.2
8/10/2020,2.97,162,18,7.2
8/11/2020,2.92,164,17.9,7.2
8/12/2020,2.96,165,17.7,7.2
8/13/2020,2.87,170,16.9,7.2
8/14/2020,2.93,164,17.9,7.3
8/15/2020,2.77,162,18.5,7.3
8/16/2020,2.73,161,19.1,7.3
8/17/2020,2.67,160,19.8,7.4
8/18/2020,2.63,162,19.7,7.4
8/19/2020,2.67,160,19.7,7.4
8/20/2020,2.69,162,18.9,7.3
8/21/2020,2.65,169,18.1,7.3
8/22/2020,2.59,169,18,7.3
8/23/2020,2.72,168,18,7.3
8/24/2020,2.78,166,18.6,7.3
8/25/2020,2.61,166,18.5,7.3
8/26/2020,2.66,167,18.2,7.3
8/27/2020,2.81,166,18.1,7.3
8/28/2020,2.66,172,16.8,7.3
8/29/2020,2.6,172,16.6,7.3
8/30/2020,2.61,175,16.1,7.3
8/31/2020,2.71,172,16.3,7.3
9/1/2020,2.75,171,16.5,7.3
9/2/2020,2.67,170,16.4,7.3
9/3/2020,2.66,169,16.8,7.3
9/4/2020,2.61,169,16.9,7.3
9/5/2020,2.34,170,17.1,7.3
9/6/2020,2.18,170,17.8,7.3
9/7/2020,2.19,172,17.6,7.3
9/8/2020,2.31,172,17.5,7.3
9/9/2020,2.42,175,16,7.3
9/10/2020,2.48,179,14.7,7.3
9/11/2020,2.68,173,14.2,7.2
9/12/2020,2.56,174,14.3,7.2
9/13/2020,2.45,175,14.6,7.2
9/14/2020,2.36,175,14.9,7.2
9/15/2020,2.37,173,15.3,7.3
9/16/2020,2.39,174,15.1,7.2
9/17/2020,2.38,175,14.9,7.2
9/18/2020,2.45,174,15.3,7.2
9/19/2020,2.69,170,15.1,7.2
9/20/2020,2.73,168,14.8,7.2
9/21/2020,2.52,173,14.7,7.2
9/22/2020,2.45,173,14.6,7.2
9/23/2020,2.54,173,14.5,7.2
9/24/2020,2.61,175,14.2,7.2
9/25/2020,2.69,171,14.3,7.2
9/26/2020,2.75,168,14.5,7.2
9/27/2020,2.71,169,14.8,7.2
9/28/2020,2.43,175,15.1,7.2
9/29/2020,2.34,177,15,7.2
9/30/2020,2.34,178,14.8,7.2
10/1/2020,2.32,177,14.7,7.2
10/2/2020,2.23,179,14.4,7.2
10/3/2020,2.23,178,14.1,7.2
10/4/2020,2.2,178,13.9,7.2
10/5/2020,2.2,179,13.7,7.2
10/6/2020,2.22,176,13.5,7.2
10/7/2020,2.26,176,13.4,7.2
10/8/2020,2.38,175,13.4,7.2
10/9/2020,2.55,173,13,7.2
10/10/2020,2.62,169,12.6,7.2
10/11/2020,2.75,165,12.8,7.2
10/12/2020,2.63,165,12.8,7.2
10/13/2020,2.32,167,13,7.2
10/14/2020,2.26,169,13.2,7.1
10/15/2020,2.16,175,13.4,7.1
10/16/2020,2.06,178,13.5,7.1
10/17/2020,2.03,175,13.4,7.1
10/18/2020,2.09,174,13.3,7.1
10/19/2020,2.14,174,13.1,7.1
10/20/2020,2.12,172,12.6,7.1
10/21/2020,2.12,173,12.2,7.1
10/22/2020,2.13,174,12.2,7.1
10/23/2020,2.21,172,11.9,7.1
10/24/2020,2.22,169,11,7.1
10/25/2020,2.4,163,10.2,7.1
10/26/2020,2.72,156,10.2,7.1
10/27/2020,2.57,159,8.8,7.1
10/28/2020,2.38,161,9,7.1
10/29/2020,2.24,164,9.5,7.2
10/30/2020,2.14,166,9.5,7.1
10/31/2020,2.14,166,9.6,7.1
11/1/2020,2.11,167,10.2,7.1
11/2/2020,2.1,167,10.8,7.1
11/3/2020,2.17,168,10.6,7.1
11/4/2020,2.21,166,10.6,7.1
11/5/2020,2.19,167,10.6,7.1
11/6/2020,2.26,169,10.7,7.1
11/7/2020,2.79,160,8.5,7.2
11/8/2020,4.19,142,4.8,7.2
11/9/2020,3.93,141,3.3,7.2
11/10/2020,3.61,145,3.9,7.2
11/11/2020,3.72,143,4.7,7.2
11/12/2020,3.77,143,5.6,7.2
11/13/2020,3.61,146,5.6,7.2
11/14/2020,3.59,145,6.2,7.2
11/15/2020,3.73,141,6.5,7.2
11/16/2020,3.95,139,7.4,7.2
11/17/2020,3.87,138,8.4,7.2
11/18/2020,3.52,142,8.3,7.1
11/19/2020,3.55,140,8.1,7.1
11/20/2020,3.27,144,7.2,7.1
11/21/2020,3.13,148,7.3,7.1
11/22/2020,3.05,150,7.7,7.1
11/23/2020,3.12,148,7.1,7.1
11/24/2020,3.33,146,6.3,7.1
11/25/2020,3.32,147,6.3,7.1
11/26/2020,3.35,147,6,7.1
11/27/2020,3.36,149,5,7.1
11/28/2020,3.3,148,4.8,7.1
11/29/2020,3.26,149,5,7.1
11/30/2020,3.14,149,5.3,7.1
12/1/2020,3.16,148,5.1,7.1
12/2/2020,3.11,150,5.7,7.1
12/3/2020,3.05,149,5.7,7.1
12/4/2020,3.06,149,5.3,7.1
12/5/2020,2.96,150,5.2,7.1
12/6/2020,2.94,150,5.2,7.1
12/7/2020,2.77,154,5.7,7.1
12/8/2020,2.87,155,5.8,7.1
12/9/2020,2.88,154,6.1,7.1
12/10/2020,2.91,154,5.7,7.1
12/11/2020,2.92,154,4.7,7.1
12/12/2020,3.6,144,5.1,7.1
12/13/2020,3.69,145,5.3,7.1
12/14/2020,8.75,112,5.2,7.2
12/15/2020,3.57,137,4.4,7.1
12/16/2020,3.25,140,4.5,7.2
12/17/2020,3.54,136,5.1,7.2
12/18/2020,3.27,137,4.4,7.1
12/19/2020,3.07,141,4.1,7.1
12/20/2020,2.94,143,4.4,7.1
12/21/2020,2.92,146,5,7.1
12/22/2020,2.81,146,4.6,7.1
12/23/2020,2.8,146,3.9,7.1
12/24/2020,2.69,145,4.2,7.1
12/25/2020,2.68,145,4.8,7.1
12/26/2020,2.73,142,5.7,7.1
12/27/2020,2.94,138,5.7,7.1
12/28/2020,3.61,129,5.2,7.1
12/29/2020,3.2,135,4.7,7.1
12/30/2020,3.01,141,3.7,7.1
12/31/2020,3.06,142,3.9,7.1
1/1/2021,2.97,143,3.7,7.1
1/2/2021,2.92,143,3.8,7.1
1/3/2021,2.97,141,4.4,7.1
1/4/2021,3.12,138,5.4,7.1
1/5/2021,3.13,138,5,7.1
1/6/2021,2.96,141,4.8,7.1
1/7/2021,2.92,142,4.5,7.1
1/8/2021,2.82,143,4.3,7.1
1/9/2021,2.8,144,4,7.1
1/10/2021,2.8,145,4.1,7.1
1/11/2021,2.8,145,4.1,7.1
1/12/2021,2.79,143,4.5,7.1
1/13/2021,2.8,140,5,7.1
1/14/2021,2.8,139,5.6,7.1
1/15/2021,2.78,140,6.6,7.1
1/16/2021,2.71,141,6.7,7.1
1/17/2021,2.68,141,6.9,7.1
1/18/2021,2.68,144,6.8,7.1
1/19/2021,2.54,145,5.9,7.1
1/20/2021,2.62,145,5.4,7.1
1/21/2021,2.59,145,5.2,7.1
1/22/2021,2.87,137,4.6,7.2
1/23/2021,3.5,125,3.3,7.2
1/24/2021,3.17,130,2.9,7.2
1/25/2021,2.58,143,1.5,7.1
1/26/2021,4.37,117,0.9,7.2
1/27/2021,4.38,114,1.4,7.2
1/28/2021,4.83,113,2.1,7.2
1/29/2021,5.4,111,1.5,7.2
1/30/2021,4.61,118,2,7.2
1/31/2021,4.75,117,2.6,7.2
2/1/2021,6.43,107,3.2,7.2
2/2/2021,6.51,107,3.6,7.2
2/3/2021,5.9,111,3.8,7.2
2/4/2021,5.22,117,3.8,7.2
2/5/2021,5.13,118,4,7.2
2/6/2021,5.5,116,4.3,7.2
2/7/2021,5.97,114,4.5,7.2
2/8/2021,5.99,114,4.4,7.2
2/9/2021,5.8,114,4.9,7.2
2/10/2021,6.03,112,5.3,7.1
2/11/2021,6.12,112,5.6,7.2
2/12/2021,16.8,87,4.8,7.2
2/13/2021,11.1,97,4.1,7.2
2/14/2021,8.63,105,4.4,7.2
2/15/2021,8.09,108,5.1,7.2
2/16/2021,9.52,101,5.7,7.2
2/17/2021,7.76,107,5.2,7.1
2/18/2021,6.95,112,4.7,7.1
2/19/2021,6.73,114,4.9,7.1
2/20/2021,7.26,113,4.6,7.2
2/21/2021,6.49,116,3.9,7.2
2/22/2021,6.21,115,4.8,7.2
2/23/2021,6.81,112,5.8,7.2
2/24/2021,6.87,109,5.9,7.2
2/25/2021,6.71,109,5.6,7.2
2/26/2021,6.25,112,4.9,7.2
2/27/2021,5.87,113,4.9,7.2
2/28/2021,5.33,115,4.8,7.2
3/1/2021,5.16,116,5.2,7.2
3/2/2021,5.06,116,5.5,7.2
3/3/2021,4.96,116,5.6,7.2
3/4/2021,4.9,118,5.4,7.2
3/5/2021,5.47,117,6.2,7.2
3/6/2021,5.71,114,6.6,7.2
3/7/2021,5.48,113,6.6,7.2
3/8/2021,5.3,112,6.5,7.2
3/9/2021,4.93,115,5.4,7.2
3/10/2021,5.67,111,3.4,7.2
3/11/2021,5.24,111,2.7,7.2
3/12/2021,4.66,117,2.7,7.2
3/13/2021,4.82,115,4,7.2
3/14/2021,4.76,112,4.8,7.2
3/15/2021,5.68,105,3.5,7.2
3/16/2021,5.12,111,2.9,7.2
3/17/2021,6.28,109,4,7.2
3/18/2021,7.12,105,6.2,7.2
3/19/2021,10.3,96,7.6,7.3
3/20/2021,31.7,69,5.4,7.3
3/21/2021,14,88,4.9,7.2
3/22/2021,10.7,95,5.3,7.2
3/23/2021,9.93,99,6.1,7.2
3/24/2021,9.46,102,5.4,7.2
3/25/2021,8.68,104,5.5,7.2
3/26/2021,8.22,104,6.1,7.2
3/27/2021,7.85,106,6.7,7.2
3/28/2021,8.08,104,8.1,7.2
3/29/2021,8.64,101,8.7,7.2
3/30/2021,8.94,99,8.6,7.2
3/31/2021,8.65,99,8.6,7.2
4/1/2021,8.57,98,8.9,7.2
4/2/2021,8.55,97,9.6,7.2
4/3/2021,8.44,96,9.8,7.2
4/4/2021,8.16,97,9.9,7.2
4/5/2021,8.32,96,9.8,7.2
4/6/2021,8.22,96,9.9,7.2
4/7/2021,7.78,97,10.2,7.2
4/8/2021,7.64,98,10.2,7.2
4/9/2021,7.37,99,10.1,7.2
4/10/2021,7.18,99,10.1,7.2
4/11/2021,6.99,100,10.3,7.2
4/12/2021,6.7,101,11,7.2
4/13/2021,6.42,102,11,7.2
4/14/2021,6.27,105,9.3,7.2
4/15/2021,5.97,107,8.8,7.2
4/16/2021,5.62,109,9.6,7.2
4/17/2021,5.43,110,10.1,7.1
4/18/2021,5.1,112,10.3,7.1
4/19/2021,4.95,114,11.2,7.1
4/20/2021,4.93,114,11.4,7.1
4/21/2021,5.03,114,10.3,7.1
4/22/2021,4.96,114,11.1,7.1
4/23/2021,4.85,116,11.6,7.1
4/24/2021,4.74,116,11.4,7.1
4/25/2021,5.29,113,9.4,7.2
4/26/2021,6.88,104,7.7,7.2
4/27/2021,6.16,106,7.6,7.2
4/28/2021,5.92,109,9.1,7.15
4/29/2021,5.67,111,11.3,7.1
4/30/2021,5.01,116,13,7.1
5/1/2021,4.7,119,13.7,7.1
5/2/2021,4.64,120,12.8,7.1
5/3/2021,4.46,120,13.1,7.1
5/4/2021,4.24,123,13.7,7.1
5/5/2021,4.04,126,14.5,7.1
5/6/2021,3.88,129,14.9,7.1
5/7/2021,3.95,130,14.1,7.1
5/8/2021,3.9,130,13.3,7.1
5/9/2021,3.77,131,13.5,7.1
5/10/2021,3.66,131,13.6,7.1
5/11/2021,3.51,133,14.4,7.1
5/12/2021,3.38,135,14.6,7.1
5/13/2021,3.2,137,14.8,7.1
5/14/2021,3.25,139,14.8,7.1
5/15/2021,3.52,139,14.3,7.1
5/16/2021,3.69,135,12.7,7.1
5/17/2021,3.77,132,14.1,7.1
5/18/2021,3.75,134,14.7,7.1
5/19/2021,3.53,138,14.2,7.1
5/20/2021,3.6,139,12,7.1
5/21/2021,3.93,135,10.2,7.1
5/22/2021,4.04,132,9.5,7.1
5/23/2021,3.9,131,10.7,7.1
5/24/2021,3.56,134,12.4,7.1
5/25/2021,3.4,137,13.5,7.1
5/26/2021,3.3,141,13.8,7
5/27/2021,3.16,143,14.2,7
5/28/2021,3.09,145,14.3,7
5/29/2021,3.05,148,15.1,7
5/30/2021,2.99,150,15.7,7
5/31/2021,2.76,153,16.3,7
6/1/2021,2.57,157,17,7
6/2/2021,2.52,162,17.5,7
6/3/2021,2.46,165,17.1,7
6/4/2021,2.41,163,17.6,7
6/5/2021,2.35,164,17.5,7
6/6/2021,2.3,166,17,7
6/7/2021,2.43,167,15.5,6.9
6/8/2021,2.58,162,14.2,7
6/9/2021,2.56,160,13.5,7
6/10/2021,2.58,157,12.9,7
6/11/2021,2.58,154,13.4,7
6/12/2021,2.36,160,14.3,7
6/13/2021,2.25,161,15.6,7
6/14/2021,2.19,162,16.9,7
6/15/2021,2.08,163,16.8,7
6/16/2021,1.94,165,16.9,7
6/17/2021,1.73,169,17.4,7
6/18/2021,1.62,171,18.2,7
6/19/2021,1.64,171,18.5,7
6/20/2021,1.54,172,18.4,7
6/21/2021,1.53,176,17.9,7
6/22/2021,1.35,181,17.1,7
6/23/2021,1.29,184,16.9,7
6/24/2021,1.33,181,16.8,7
6/25/2021,1.38,178,17,7
6/26/2021,1.39,175,17.7,7.1
6/27/2021,1.29,176,18.4,7.1
6/28/2021,1.19,182,18.9,7.1
6/29/2021,1.15,182,18.1,7.1
6/30/2021,1.23,177,18.8,7.1
7/1/2021,1.15,185,18.1,7.1
7/2/2021,1.14,183,18,7.1
7/3/2021,1.12,183,18.3,7.1
7/4/2021,1.08,186,17.8,7.1
7/5/2021,1.07,187,17.5,7.1
7/6/2021,1.08,184,17.8,7.1
7/7/2021,1.14,180,18,7.1
7/8/2021,1.1,180,18.4,7.2
7/9/2021,1.05,181,19.1,7.2
7/10/2021,1.06,180,19.2,7.2
7/11/2021,1,181,19.5,7.2
7/12/2021,1,186,19.1,7.2
7/13/2021,1.01,183,18.6,7.3
7/14/2021,1.05,182,18.6,7.2
7/15/2021,1.08,184,18.3,7.2
7/16/2021,1.08,190,17.6,7.1
7/17/2021,1.11,194,17.5,7.1
7/18/2021,1.14,195,17.1,7.1
7/19/2021,1.29,189,18.2,7.1
7/20/2021,1.21,193,18.1,7.1
7/21/2021,1.23,195,17.8,7.1
7/22/2021,1.22,192,17.7,7.2
7/23/2021,1.21,188,17.6,7.2
7/24/2021,1.17,194,17,7.2
7/25/2021,1.2,190,17.5,7.2
7/26/2021,1.22,187,17.6,7.3
7/27/2021,1.32,189,18,7.2
7/28/2021,1.23,193,18.3,7.1
7/29/2021,1.17,207,17.7,7.1
7/30/2021,1.33,206,17.8,7
7/31/2021,1.43,187,18.6,7.1
8/1/2021,1.09,192,18.2,7.2
8/2/2021,1.03,202,17.5,7.1
8/3/2021,1,201,17.8,7.1
8/4/2021,0.96,199,17.8,7.2
8/5/2021,0.95,193,17.7,7.3
8/6/2021,1,193,16.9,7.3
8/7/2021,1.03,195,17,7.2
8/8/2021,1.01,198,17.1,7.3
8/9/2021,0.99,200,17.3,7.2
8/10/2021,0.96,207,17,7.1
8/11/2021,0.89,204,17.2,7.2
8/12/2021,0.91,211,17.5,7.1
8/13/2021,0.95,207,17.8,7.2
8/14/2021,0.95,192,18.3,7.3
8/15/2021,0.95,199,18.3,7.3
8/16/2021,0.96,214,18.1,7.1
8/17/2021,0.99,216,18,7.1
8/18/2021,1.03,209,16.6,7.1
8/19/2021,1.11,216,15.8,7
8/20/2021,1.23,213,15.5,7
8/21/2021,1.26,208,15.9,7.1
8/22/2021,1.28,217,15.8,7
8/23/2021,1.21,223,15.6,6.9
8/24/2021,1.15,229,15.7,6.9
8/25/2021,1.06,233,15.6,6.9
8/26/2021,1.06,229,15.7,6.9
8/27/2021,1.1,223,15.9,7
8/28/2021,1.02,228,15.7,6.9
8/29/2021,0.96,227,16.4,7
8/30/2021,0.94,216,16.7,7.1
8/31/2021,0.96,218,16.1,7.1
9/1/2021,0.97,228,15.3,7
9/2/2021,1,225,14.9,7
9/3/2021,1.02,227,14.5,7
9/4/2021,0.99,220,14.7,7.1
9/5/2021,0.98,220,15.2,7.1
9/6/2021,0.91,218,16.1,7.2
9/7/2021,0.89,212,16.3,7.3
9/8/2021,0.88,212,16.7,7.3
9/9/2021,0.84,214,16.4,7.2
9/10/2021,0.86,202,17.4,7.2
9/11/2021,0.86,198,17,7.3
9/12/2021,0.86,201,16.3,7.3
9/13/2021,0.86,199,15.8,7.3
9/14/2021,0.87,205,15.2,7.2
9/15/2021,0.86,197,15.2,7.2
9/16/2021,0.86,198,15,7.2
9/17/2021,0.86,203,14,7.2
9/18/2021,0.86,199,14.3,7.2
9/19/2021,0.86,208,14.3,7.1
9/20/2021,0.86,205,13.6,7.2
9/21/2021,0.86,202,13.6,7.2
9/22/2021,0.86,211,14.5,7.2
9/23/2021,0.88,228,13.9,7.2
9/24/2021,0.88,222,13.9,7.2
9/25/2021,0.85,231,13.9,7.2
9/26/2021,0.87,231,13.8,7.2
9/27/2021,0.9,223,14.1,7.1
9/28/2021,0.92,225,13.2,7.1
9/29/2021,1.03,213,12.6,7.1
9/30/2021,0.96,208,12.4,7.1
10/1/2021,0.92,218,12.4,7.1
10/2/2021,0.93,216,12.3,7.1
10/3/2021,0.94,212,12.5,7.1
10/4/2021,1.03,211,12.8,7.1
10/5/2021,1.13,207,13,7.1
10/6/2021,1.18,204,12.9,7.1
10/7/2021,1.25,200,12.8,7.1
10/8/2021,1.41,198,11.9,7.1
10/9/2021,1.63,192,11.4,7.1
10/10/2021,1.53,195,10.7,7.2
10/11/2021,1.49,193,9.8,7.2
10/12/2021,1.63,188,8.3,7.1
10/13/2021,1.71,184,8,7.2
10/14/2021,1.65,181,8.5,7.2
10/15/2021,1.5,181,9.4,7.2
10/16/2021,1.47,183,9.9,7.1
10/17/2021,1.42,184,10,7.1
10/18/2021,2.29,172,9.2,7.2
10/19/2021,1.7,192,8.6,7.1
10/20/2021,1.62,195,9.2,7.1
10/21/2021,1.57,192,10.3,7.1
10/22/2021,1.53,187,10.8,7.1
10/23/2021,1.82,180,10.7,7.1
10/24/2021,1.8,179,10.4,7.1
10/25/2021,20.9,294,9.3,7.6
10/26/2021,5.42,378,7.3,7.6
10/27/2021,3.99,317,8.2,7.6
10/28/2021,3.54,280,9.9,7.5
10/29/2021,2.88,271,11,7.5
10/30/2021,2.62,268,11.1,7.4
10/31/2021,2.48,262,10.9,7.4
11/1/2021,2.37,257,9.8,7.4
11/2/2021,2.32,251,9.6,7.4
11/3/2021,2.32,245,10.1,7.4
11/4/2021,2.27,241,10.4,7.4
11/5/2021,2.29,237,9.8,7.4
11/6/2021,2.2,235,9.1,7.4
11/7/2021,2.28,230,8.8,7.4
11/8/2021,2.32,224,8.1,7.4
11/9/2021,2.76,216,8.6,7.4
11/10/2021,2.6,214,9.2,7.4
11/11/2021,2.43,214,9.2,7.3
11/12/2021,2.32,215,9.8,7.3
11/13/2021,2.28,215,10,7.3
11/14/2021,2.28,214,10.1,7.3
11/15/2021,2.29,213,10.2,7.3
11/16/2021,2.31,210,9.6,7.3
11/17/2021,2.34,208,8.8,7.3
11/18/2021,2.31,206,8.8,7.3
11/19/2021,2.29,204,8.6,7.3
11/20/2021,2.37,201,7.9,7.3
11/21/2021,2.29,200,7.3,7.3
11/22/2021,2.18,201,6.7,7.3
11/23/2021,2.28,198,6.6,7.3
11/24/2021,2.31,195,6,7.3
11/25/2021,2.27,194,5.6,7.3
11/26/2021,2.25,193,5.7,7.3
11/27/2021,2.26,192,6,7.3
11/28/2021,2.28,191,6.6,7.3
11/29/2021,2.27,189,7.2,7.3
11/30/2021,2.27,188,7.5,7.3
12/1/2021,2.25,188,7.7,7.3
12/2/2021,2.26,188,7.5,7.3
12/3/2021,2.26,187,7.3,7.3
12/4/2021,2.25,186,6.6,7.3
12/5/2021,2.28,186,6.1,7.3
12/6/2021,2.28,186,6.3,7.3
12/7/2021,2.32,183,6.8,7.3
12/8/2021,2.37,181,6.5,7.3
12/9/2021,4.97,162,5.9,7.4
12/10/2021,3.47,178,5.2,7.4
12/11/2021,2.95,184,4.4,7.3
12/12/2021,2.64,187,4.2,7.3
12/13/2021,2.74,181,4.9,7.3
12/14/2021,15.1,172,3,7.7
12/15/2021,5.73,197,0.9,7.6
12/16/2021,8.43,177,1.6,7.6
12/17/2021,6.41,177,2.2,7.5
12/18/2021,4.38,186,2.2,7.5
12/19/2021,3.93,183,2.5,7.4
12/20/2021,3.61,181,2.6,7.4
12/21/2021,3.58,178,3.3,7.4
12/22/2021,3.96,173,3.9,7.4
12/23/2021,102,144,5,7.8
12/24/2021,42.5,154,5.2,8
12/25/2021,15,167,3.9,7.8
12/26/2021,10.9,166,0.9,7.7
12/27/2021,9.5,161,0.5,7.7
12/28/2021,8.39,161,0.9,7.6
12/29/2021,8.11,159,0.9,7.6
12/30/2021,11.2,149,2,7.7
12/31/2021,10,153,2.3,7.7
1/1/2022,7.94,157,1.9,7.6
1/2/2022,7.23,158,1.6,7.7
1/3/2022,7.05,155,1.6,7.6
1/4/2022,6.88,153,1.7,7.7
1/5/2022,7.39,149,2.3,7.7
1/6/2022,9.87,141,3,7.7
1/7/2022,11.4,136,3.4,7.7
1/8/2022,10.4,137,3.5,7.6
1/9/2022,9.26,138,2.7,7.6
1/10/2022,8.64,138,2.6,7.6
1/11/2022,8.46,137,2.6,7.7
1/12/2022,9.47,132,3.8,7.7
1/13/2022,11.5,129,4.1,7.7
1/14/2022,11.1,131,4.2,7.7
1/15/2022,10.6,130,4.7,7.7
1/16/2022,10.5,130,4.8,7.7
1/17/2022,10.1,,,7.65
1/18/2022,9.6,,,
1/19/2022,9.16,130,4.7,7.7
1/20/2022,8.74,130,4.5,7.6
1/21/2022,8.52,129,4.3,7.6
1/22/2022,7.83,129,3.4,7.6
1/23/2022,7.31,129,3.2,7.6
1/24/2022,7.1,128,3.4,7.6
1/25/2022,7.03,127,3.7,7.6
1/26/2022,6.83,127,3.7,7.6
1/27/2022,6.57,127,3.4,7.6
1/28/2022,6.37,127,3.3,7.6
1/29/2022,6.2,128,3.5,7.6
1/30/2022,6.01,128,3.3,7.6
1/31/2022,5.88,128,3.2,7.6
2/1/2022,5.91,128,3.3,7.6
2/2/2022,5.61,129,3.5,7.6
2/3/2022,5.36,129,2.9,7.6
2/4/2022,5.24,129,3.1,7.6
2/5/2022,5.21,129,3.4,7.6
2/6/2022,5.16,129,3.8,7.6
2/7/2022,5.21,128,4.5,7.6
2/8/2022,5.36,127,5,7.6
2/9/2022,5.58,126,5.4,7.6
2/10/2022,5.74,125,5.7,7.6
2/11/2022,6.03,123,6.2,7.6
2/12/2022,6.18,122,6.4,7.6
2/13/2022,6.01,122,6.4,7.6
2/14/2022,5.93,122,6.4,7.6
2/15/2022,6.39,121,4.4,7.6
2/16/2022,6.04,121,3,7.6
2/17/2022,5.7,122,3.8,7.5
2/18/2022,5.41,123,4.4,7.5
2/19/2022,5.29,124,4.9,7.5
2/20/2022,5.25,124,5.2,7.5
2/21/2022,5.19,124,4.8,7.5
2/22/2022,5.11,125,2.3,7.5
2/23/2022,5.28,125,0.7,7.5
2/24/2022,5.42,129,1,7.5
2/25/2022,5.52,125,1.5,7.5
2/26/2022,5.54,123,2.2,7.5
2/27/2022,5.86,122,3.6,7.5
2/28/2022,6.05,122,4.6,7.5
3/1/2022,6.17,122,5.5,7.5
3/2/2022,5.91,123,6.3,7.5
3/3/2022,5.74,123,6.6,7.5
3/4/2022,7.36,118,6.2,7.5
3/5/2022,8.51,116,2.8,7.6
3/6/2022,6.75,123,2.3,7.5
3/7/2022,6.72,123,3.7,7.5
3/8/2022,6.94,121,4.5,7.5
3/9/2022,6.99,121,5,7.5
3/10/2022,7.02,120,5.8,7.5
3/11/2022,6.58,121,5.8,7.5
3/12/2022,6.4,121,6.1,7.5
3/13/2022,6.27,121,6.1,7.5
3/14/2022,6.22,120,6.9,7.5
3/15/2022,6.35,119,7.3,7.5
3/16/2022,6.63,117,7.9,7.5
3/17/2022,6.64,116,8,7.5
3/18/2022,6.55,116,8,7.5
3/19/2022,6.72,115,7.7,7.5
3/20/2022,7.74,112,6.8,7.5
3/21/2022,6.95,114,7.1,7.5
3/22/2022,7.09,113,8.9,7.5
3/23/2022,7.65,110,10.3,7.5
3/24/2022,8.2,106,10.8,7.4
3/25/2022,8.54,103,10.9,7.4
3/26/2022,8.63,103,11.1,7.4
3/27/2022,8.45,104,10.6,7.4
3/28/2022,9.12,103,8.2,7.4
3/29/2022,8.69,105,6.6,7.4
3/30/2022,7.9,106,8.5,7.5
3/31/2022,7.72,105,8.5,7.5
4/1/2022,7.54,105,8.9,7.5
4/2/2022,7.61,104,10.5,7.4
4/3/2022,7.79,103,11.3,7.4
4/4/2022,7.64,103,9.8,7.5
4/5/2022,7.61,103,9.9,7.5
4/6/2022,7.66,102,11.3,7.5
4/7/2022,7.62,102,12.3,7.4
4/8/2022,7.55,103,12.6,7.4
4/9/2022,7.43,103,12.4,7.4
4/10/2022,7.14,104,10.7,7.4
4/11/2022,6.98,105,7.9,7.5
4/12/2022,6.69,105,6.3,7.4
4/13/2022,6.28,107,5.8,7.4
4/14/2022,6.08,108,6.9,7.4
4/15/2022,6.01,108,8.6,7.4
4/16/2022,7.07,105,8.7,7.4
4/17/2022,6.29,108,9.5,7.4
4/18/2022,5.81,112,10.7,7.4
4/19/2022,5.65,113,10.1,7.4
4/20/2022,5.54,113,10.3,7.4
4/21/2022,6.61,112,9.3,7.4
4/22/2022,14,102,5.2,7.5
4/23/2022,12.3,110,7,7.5
4/24/2022,11.9,108,8.6,7.5
4/25/2022,11.2,105,10.1,7.5
4/26/2022,10.5,102,10.8,7.4
4/27/2022,9.51,103,11.1,7.4
4/28/2022,8.77,104,10.1,7.4
4/29/2022,8.23,105,9.6,7.4
4/30/2022,7.88,106,10.8,7.4
5/1/2022,7.83,107,11.3,7.4
5/2/2022,7.57,107,11.5,7.4
5/3/2022,7.34,108,11.5,7.4
5/4/2022,6.97,109,11.8,7.4
5/5/2022,6.78,110,12.6,7.4
5/6/2022,6.72,111,13.2,7.4
5/7/2022,6.81,111,12,7.4
5/8/2022,6.75,111,9.6,7.4
5/9/2022,6.62,110,7.2,7.4
5/10/2022,6.55,110,6.6,7.4
5/11/2022,6.44,109,6.8,7.4
5/12/2022,6.31,110,8,7.4
5/13/2022,6.12,111,10.1,7.4
5/14/2022,5.93,114,12.2,7.4
5/15/2022,5.77,116,13.3,7.4
5/16/2022,5.68,118,14.1,7.4
5/17/2022,5.49,119,13.7,7.4
5/18/2022,5.38,120,14.6,7.4
5/19/2022,5.23,122,15.4,7.4
5/20/2022,5.19,124,14.5,7.4
5/21/2022,5.05,124,12.8,7.4
5/22/2022,4.94,124,12.9,7.4
5/23/2022,4.89,125,13.8,7.4
5/24/2022,4.78,126,14.8,7.4
5/25/2022,4.65,128,15.7,7.4
5/26/2022,4.55,130,16.3,7.4
5/27/2022,4.59,130,15.9,7.4
5/28/2022,4.66,128,14.7,7.4
5/29/2022,4.82,126,12.5,7.4
5/30/2022,4.69,126,11.9,7.4
5/31/2022,4.56,127,12.6,7.4
6/1/2022,4.38,129,13.6,7.4
6/2/2022,4.29,131,14.5,7.4
6/3/2022,4.26,131,15.1,7.4
6/4/2022,4.36,132,14.8,7.4
6/5/2022,4.36,131,15.1,7.4
6/6/2022,4.4,132,15.7,7.4
6/7/2022,4.34,133,16.4,7.4
6/8/2022,4.16,137,16.4,7.3
6/9/2022,4.15,138,16.6,7.3
6/10/2022,4.06,140,17.6,7.3
6/11/2022,3.92,142,18.4,7.3
6/12/2022,3.84,143,17.7,7.3
6/13/2022,4.11,139,16.5,7.4
6/14/2022,4.08,138,14.8,7.3
6/15/2022,3.87,140,15.5,7.3
6/16/2022,3.76,144,16.2,7.3
6/17/2022,3.85,142,14.2,7.3
6/18/2022,3.91,140,12.7,7.3
6/19/2022,3.9,140,12.8,7.3
6/20/2022,3.81,142,13.9,7.3
6/21/2022,3.61,145,15.3,7.3
6/22/2022,4.18,139,15.4,7.3
6/23/2022,3.97,141,16.4,7.3
6/24/2022,3.71,145,17.3,7.2
6/25/2022,3.61,149,17.8,7.2
6/26/2022,3.49,152,18,7.2
6/27/2022,3.44,155,18.2,7.2
6/28/2022,3.38,156,18.3,7.2
6/29/2022,3.34,156,18,7.2
6/30/2022,3.38,158,17.5,7.2
7/1/2022,3.37,157,16.7,7.2
7/2/2022,3.41,155,16.7,7.2
7/3/2022,3.44,153,16,7.2
7/4/2022,3.44,151,15.6,7.2
7/5/2022,3.27,152,16.2,7.2
7/6/2022,3.29,152,17.2,7.2
7/7/2022,3.28,153,17.8,7.2
7/8/2022,3.18,156,17.8,7.2
7/9/2022,3.13,158,17.9,7.2
7/10/2022,3.14,158,18.2,7.2
7/11/2022,3.06,159,18.2,7.2
7/12/2022,2.96,162,18.4,7.2
7/13/2022,2.96,162,18.6,7.2
7/14/2022,2.93,162,18.9,7.2
7/15/2022,2.96,161,19.8,7.2
7/16/2022,2.93,163,20.1,7.2
7/17/2022,2.91,165,20,7.2
7/18/2022,2.9,164,19.5,7.2
7/19/2022,2.85,165,19.2,7.2
7/20/2022,2.75,166,19.1,7.2
7/21/2022,2.68,166,18.9,7.2
7/22/2022,2.66,168,18.2,7.2
7/23/2022,2.59,169,17.7,7.2
7/24/2022,2.56,169,17.9,7.2
7/25/2022,2.49,167,18.2,7.2
7/26/2022,2.49,166,18.6,7.2
7/27/2022,2.51,167,18.3,7.2
7/28/2022,2.61,164,18.5,7.2
7/29/2022,2.57,164,18.7,7.2
7/30/2022,2.38,163,19.5,7.2
7/31/2022,2.44,165,19.7,7.2
8/1/2022,2.72,156,20,7.2
8/2/2022,2.35,162,20,7.2
8/3/2022,2.26,163,19.9,7.2
8/4/2022,2.4,162,19.2,7.2
8/5/2022,4.55,138,19.3,7.4
8/6/2022,3.2,154,19,7.2
8/7/2022,2.84,161,19.1,7.2
8/8/2022,2.69,164,19.5,7.2
8/9/2022,2.61,165,19.4,7.2
8/10/2022,2.54,164,18.8,7.2
8/11/2022,2.51,164,18.7,7.2
8/12/2022,2.48,165,18.5,7.2
8/13/2022,2.45,165,18.4,7.2
8/14/2022,2.4,166,18,7.2
8/15/2022,2.37,166,18,7.2
8/16/2022,2.31,168,18.1,7.2
8/17/2022,2.27,166,18.9,7.2
8/18/2022,2.25,167,18.7,7.2
8/19/2022,2.23,168,18.6,7.2
8/20/2022,2.2,168,18.6,7.2
8/21/2022,2.13,168,18.4,7.3
8/22/2022,2.11,169,18.1,7.3
8/23/2022,2.15,168,18.6,7.3
8/24/2022,2.04,169,18.7,7.3
8/25/2022,2.02,169,18.9,7.3
8/26/2022,2.05,169,18.8,7.3
8/27/2022,2.02,169,18.3,7.3
8/28/2022,2.06,168,18,7.3
8/29/2022,2.07,166,18.2,7.3
8/30/2022,2.01,166,18.7,7.3
8/31/2022,1.96,168,18.9,7.3
9/1/2022,1.89,170,18.8,7.3
9/2/2022,1.86,171,18.8,7.3
9/3/2022,1.87,170,18.8,7.3
9/4/2022,1.89,170,18.8,7.3
9/5/2022,1.88,170,19.3,7.3
9/6/2022,1.89,172,19.3,7.3
9/7/2022,1.88,174,19.3,7.3
9/8/2022,1.98,172,19.2,7.3
9/9/2022,1.97,172,19,7.3
9/10/2022,2.24,168,19.1,7.3
9/11/2022,2.57,157,18.6,7.4
9/12/2022,2.48,158,18.2,7.3
9/13/2022,2.39,159,17.5,7.4
9/14/2022,2.22,161,15.6,7.3
9/15/2022,2.25,159,15,7.3
9/16/2022,2.29,157,15,7.4
9/17/2022,2.27,158,14.9,7.3
9/18/2022,2.22,158,14.1,7.3
9/19/2022,2.23,158,13.9,7.3
9/20/2022,2.34,157,14.3,7.3
9/21/2022,2.43,154,14.3,7.3
9/22/2022,2.39,154,13.8,7.3
9/23/2022,2.27,157,13.8,7.3
9/24/2022,2.16,161,14.9,7.3
9/25/2022,2.15,162,16,7.2
9/26/2022,2.11,164,16.4,7.2
9/27/2022,2.06,165,16.6,7.2
9/28/2022,2.04,167,16.3,7.2
9/29/2022,2.04,168,15.8,7.2
9/30/2022,2.07,166,15.1,7.2
10/1/2022,2.12,163,15,7.2
10/2/2022,2.11,162,14.6,7.2
10/3/2022,2.07,162,13.9,7.2
10/4/2022,2.11,163,14.2,7.2
10/5/2022,2.06,163,14.3,7.2
10/6/2022,2.04,164,14.4,7.2
10/7/2022,2.05,165,14.6,7.1
10/8/2022,2.06,168,14.4,7.1
10/9/2022,2.06,169,14.4,7.1
10/10/2022,2.16,167,14.6,7.1
10/11/2022,2.14,166,14.2,7.1
10/12/2022,2.13,166,14,7.1
10/13/2022,2.12,167,13.8,7
10/14/2022,2.11,169,13.3,7
10/15/2022,2.11,169,13.3,7
10/16/2022,2.24,166,13.4,7
10/17/2022,2.29,165,13,7
10/18/2022,2.18,166,13.2,7
10/19/2022,2.18,166,13,7
10/20/2022,2.16,166,13,7
10/21/2022,2.24,165,12.5,7
10/22/2022,2.37,161,11.7,7
10/23/2022,2.5,156,10.2,7.1
10/24/2022,2.42,154,9.1,7.1
10/25/2022,2.43,154,9,7
10/26/2022,2.45,154,8.9,7
10/27/2022,2.49,153,8.8,7.1
10/28/2022,2.48,153,8.9,7
10/29/2022,2.51,153,8.9,7
10/30/2022,2.52,153,8.9,7
10/31/2022,2.48,155,9.4,7
11/1/2022,3.31,152,9.4,7
11/2/2022,4.62,141,8,7
11/3/2022,3.81,146,5.9,7
11/4/2022,3.21,147,5.5,7
11/5/2022,3.51,143,6.2,7
11/6/2022,3.39,143,7.5,7
11/7/2022,16.9,119,8,7.1
11/8/2022,20.7,149,5.4,7.2
11/9/2022,11.4,151,3,
11/10/2022,7.98,153,3.6,
11/11/2022,7.63,144,4.1,
11/12/2022,6.67,143,4.2,
11/13/2022,6.31,141,4.7,
11/14/2022,5.72,141,4.3,
11/15/2022,5.44,140,4,7.45
11/16/2022,5.16,138,4,7.5
11/17/2022,5.18,136,4.2,7.5
11/18/2022,5.25,134,4.2,7.5
11/19/2022,5.04,133,4.1,7.5
11/20/2022,4.76,134,3.9,7.5
11/21/2022,4.68,134,3.9,7.5
11/22/2022,4.65,133,4.2,7.4
11/23/2022,4.69,132,4.5,7.5
11/24/2022,5.03,129,5.2,7.5
11/25/2022,5.06,128,5.3,7.5
11/26/2022,4.97,128,5,7.5
11/27/2022,4.77,129,4.8,7.4
11/28/2022,4.74,130,4.5,7.4
11/29/2022,4.77,130,3.9,7.4
11/30/2022,4.64,131,3.7,7.4
12/1/2022,6.75,127,3.9,7.4
12/2/2022,19.9,125,4.7,7.6
12/3/2022,19.7,109,6,7.6
12/4/2022,27.4,102,6.4,7.6
12/5/2022,16.8,108,4.8,7.6
12/6/2022,12,116,4.3,7.5
12/7/2022,10.2,117,3.6,7.5
12/8/2022,8.99,118,2.8,7.5
12/9/2022,8.38,117,2.6,7.5
12/10/2022,8.26,116,3.2,7.5
12/11/2022,55.6,120,3,7.7
12/12/2022,15.7,130,2,7.6
12/13/2022,12.3,128,2.8,7.5
12/14/2022,10.8,127,1.9,7.5
12/15/2022,10.6,123,2.6,7.5
12/16/2022,10.2,120,3,7.5
12/17/2022,9.82,119,2.4,7.5
12/18/2022,9.38,118,2,7.5
12/19/2022,9.05,117,1.9,7.5
12/20/2022,8.98,116,2.5,7.5
12/21/2022,8.99,114,2.7,7.5
12/22/2022,9.38,112,3.6,7.5
12/23/2022,9.41,111,3.8,7.5
12/24/2022,9.66,109,4.2,7.5
12/25/2022,10.6,106,5,7.5
12/26/2022,11.4,102,5.6,7.5
12/27/2022,104,94,5.8,7.6
12/28/2022,65.7,102,5.8,7.6
12/29/2022,40.4,104,5.1,7.6
12/30/2022,38.9,98,6.7,7.5
12/31/2022,96.4,90,7.1,7.5
1/1/2023,127,99,4.2,7.6
1/2/2023,62.1,97,3.9,7.6
1/3/2023,51.1,91,4.1,7.5
1/4/2023,43.6,92,4.7,7.5
1/5/2023,59.4,81,4.4,7.5
1/6/2023,48.5,89,3.6,7.5
1/7/2023,40.8,105,4.5,7.5
1/8/2023,50.4,105,5.4,7.5
1/9/2023,453,88,5.8,7.6
1/10/2023,258,,,
1/11/2023,164,,,
1/12/2023,130,,,
1/13/2023,108,,,
1/14/2023,145,,,
1/15/2023,122,,,
1/16/2023,120,,,
1/17/2023,89.5,,,
1/18/2023,65.7,,,
1/19/2023,57.6,,,
1/20/2023,53.5,,,
1/21/2023,53.5,,,
1/22/2023,53.6,,,
1/23/2023,52.1,,,
1/24/2023,47,,3.65,7.4
1/25/2023,47.8,97,3.4,7.5
1/26/2023,44.2,96,3.6,7.5
1/27/2023,42.1,94,3.8,7.5
1/28/2023,41.2,92,3.7,7.5
1/29/2023,40.1,91,2.7,7.5
1/30/2023,38.4,92,2.6,7.5
1/31/2023,36,92,2.3,7.5
2/1/2023,34.4,92,2.7,7.5
2/2/2023,34.2,92,3.5,7.5
2/3/2023,34.5,90,4.5,7.5
2/4/2023,34.2,90,4.3,7.5
2/5/2023,59.7,81,4.4,7.6
2/6/2023,46.3,88,2.9,7.6
2/7/2023,42.5,89,3.5,7.5
2/8/2023,41.3,89,4.3,7.5
2/9/2023,41.5,88,4.9,7.5
2/10/2023,40.9,85,5.2,7.5
2/11/2023,40.6,85,4.3,7.6
2/12/2023,38.8,85,4.3,7.6
2/13/2023,37.3,85,4.5,7.6
2/14/2023,37.5,84,3.1,7.6
2/15/2023,34.5,86,1.3,7.6
2/16/2023,33.4,85,2,7.6
2/17/2023,32.5,85,2.6,7.6
2/18/2023,31.9,85,2.9,7.5
2/19/2023,31.4,85,3.7,7.5
2/20/2023,31.4,85,4.4,7.5
2/21/2023,32.5,84,4.4,7.5
2/22/2023,33.9,84,0.5,7.6
2/23/2023,33.2,81,0.7,7.6
2/24/2023,33.2,82,2.1,7.6
2/25/2023,33.4,82,1.4,7.6
2/26/2023,31.6,83,1.6,7.6
2/27/2023,32.4,85,1.6,7.5
2/28/2023,34.9,84,0.7,7.5
3/1/2023,34.2,85,0.1,7.5
3/2/2023,38.6,88,0.5,7.4
3/3/2023,34.4,90,1.4,7.4
3/4/2023,31.4,92,2.3,7.4
3/5/2023,31.1,91,2.1,7.4
3/6/2023,29.9,93,2.4,7.5
3/7/2023,28.9,95,2.3,7.5
3/8/2023,28.6,95,2.6,7.5
3/9/2023,110,93,3.1,7.5
3/10/2023,866,,1.45,
3/11/2023,616,,,
3/12/2023,313,,,
3/13/2023,279,,,
3/14/2023,387,,,
3/15/2023,518,,,
3/16/2023,275,,,
3/17/2023,232,,,
3/18/2023,218,,,
3/19/2023,223,,,
3/20/2023,222,,,
3/21/2023,198,,,
3/22/2023,180,,,
3/23/2023,169,,,
3/24/2023,151,,,
3/25/2023,136,,,
3/26/2023,125,,,
3/27/2023,121,,,
3/28/2023,118,,,
3/29/2023,138,,,
3/30/2023,120,,,
3/31/2023,117,,,
4/1/2023,115,,,
4/2/2023,114,,,
4/3/2023,112,,,
4/4/2023,102,,,
4/5/2023,99.2,,,
4/6/2023,99,,,
4/7/2023,101,,,
4/8/2023,104,,,
4/9/2023,113,,,
4/10/2023,131,,,
4/11/2023,141,,,
4/12/2023,141,,,
4/13/2023,132,,,
4/14/2023,125,,,
4/15/2023,128,,,
4/16/2023,136,,,
4/17/2023,138,,,
4/18/2023,129,,,
4/19/2023,121,,,
4/20/2023,119,,,
4/21/2023,126,,,
4/22/2023,140,,,
4/23/2023,146,,,
4/24/2023,150,,,
4/25/2023,163,,,
4/26/2023,173,,10.2,7.1
4/27/2023,177,54,9.4,7.2
4/28/2023,185,52,9.8,7.2
4/29/2023,195,50,10.1,7.2
4/30/2023,199,50,10.2,7.2
5/1/2023,193,51,7.7,7.2
5/2/2023,173,53,5.9,7.2
5/3/2023,149,56,6.2,7.2
5/4/2023,136,57,6,7.2
5/5/2023,127,57,5.9,7.2
5/6/2023,118,58,6.5,7.2
5/7/2023,111,,7.3,7.25
5/8/2023,108,,7.9,7.25
5/9/2023,106,,7.9,7.25
5/10/2023,106,,8,
5/11/2023,108,,9.2,7.25
5/12/2023,114,,10,7.2
5/13/2023,124,,10.4,
5/14/2023,134,,10,
5/15/2023,134,,10,
5/16/2023,136,,10.4,
5/17/2023,141,,11.2,
5/18/2023,147,49,11.4,7
5/19/2023,149,48,11.4,7
5/20/2023,144,49,11.1,7
5/21/2023,138,49,11.5,7
5/22/2023,132,49,12,7
5/23/2023,130,48,11.7,7
5/24/2023,125,49,10.5,7.1
5/25/2023,118,50,10.1,7.1
5/26/2023,110,53,10.4,7.1
5/27/2023,104,54,11.5,7.1
5/28/2023,101,56,11.4,7.1
5/29/2023,95.3,57,10.7,7.1
5/30/2023,90.2,59,10.2,7.1
5/31/2023,86.7,60,10.8,7.1
6/1/2023,83.5,60,12.2,7.1
6/2/2023,80.4,60,12.2,7.1
6/3/2023,77.7,61,12.5,7.1
6/4/2023,75.2,61,13.2,7.1
6/5/2023,71.9,62,12.3,7.1
6/6/2023,68.2,62,11.4,7.1
6/7/2023,69.1,64,10.6,7.1
6/8/2023,63.1,64,,7.1
6/9/2023,60.1,65,12.5,7.1
6/10/2023,58.3,66,12.2,7.1
6/11/2023,56.5,67,11.7,7.2
6/12/2023,56.8,70,12.2,7.2
6/13/2023,53.8,70,12.8,7.2
6/14/2023,51.6,71,13.8,7.2
6/15/2023,50,72,14,7.2
6/16/2023,48.3,73,14.7,7.1
6/17/2023,46.5,75,14.6,7.2
6/18/2023,45.3,76,14.2,7.1
6/19/2023,44.6,76,12.8,7.1
6/20/2023,43.4,77,,7.1
6/21/2023,42.1,78,,7.1
6/22/2023,40.8,79,11.1,7.1
6/23/2023,39.7,81,,7.1
6/24/2023,38.8,82,12.4,7.1
6/25/2023,37.9,83,13.2,7.2
6/26/2023,37,81.5,13.2,7.2
6/27/2023,35.8,,13.1,7.4
6/28/2023,34.6,81.5,13.6,7.2
6/29/2023,33.4,81,14.8,7.2
6/30/2023,32.3,83,15.4,7.2
7/1/2023,31.5,83,16.3,7.2
7/2/2023,30.9,84,16.9,7.2
7/3/2023,30.3,83,16.9,7.2
7/4/2023,29.9,83,15.3,7.2
7/5/2023,29.4,83,15.3,7.2
7/6/2023,28.9,84,15.2,7.2
7/7/2023,28.4,85,14.7,7.3
7/8/2023,27.9,83,14.9,7.3
7/9/2023,27.3,83,14.9,7.3
7/10/2023,26.7,84,15.1,7.3
7/11/2023,26,84,15.1,7.3
7/12/2023,25.4,85,15,7.3
7/13/2023,25,85,15.2,7.3
7/14/2023,24.7,85,16.1,7.4
7/15/2023,24,86,16.8,7.4
7/16/2023,23.4,86,17.7,7.4
7/17/2023,23.2,89,18.4,7.4
7/18/2023,23,89,18,7.4
7/19/2023,22.8,87,17.4,7.4
7/20/2023,22.7,86,17.8,7.4
7/21/2023,22.4,87,18.3,7.4
7/22/2023,22.1,87,18.2,7.4
7/23/2023,21.9,87,17.6,7.4
7/24/2023,21.7,87,18.4,7.4
7/25/2023,21.6,88,17.6,7.4
7/26/2023,21.4,87,17.6,7.4
7/27/2023,21.2,87,17.5,7.4
7/28/2023,21.1,87,17.5,7.4
7/29/2023,20.9,88,17.3,7.4
7/30/2023,20.8,88,17.1,7.4
7/31/2023,20.7,88,16.7,7.5
8/1/2023,20.5,88,16.9,7.5
8/2/2023,20.3,89,15.9,7.5
8/3/2023,20.5,88,15.5,7.4
8/4/2023,20.6,87,15.8,7.5
8/5/2023,20.3,87,16.3,7.5
8/6/2023,20,88,16.9,7.5
8/7/2023,19.7,88,17.5,7.5
8/8/2023,19.4,88,16.6,7.5
8/9/2023,19.1,88,15.3,7.5
8/10/2023,19.1,88,15.4,7.5
8/11/2023,19.2,88,16.2,7.5
8/12/2023,19.3,88,16.9,7.5
8/13/2023,26.1,121,16.5,7.6
8/14/2023,20.3,120,17.1,7.6
8/15/2023,18.9,104,17.5,7.5
8/16/2023,18.7,100,17.9,7.6
8/17/2023,18.3,99,18,7.5
8/18/2023,17.8,98,17,7.5
8/19/2023,17.6,96,16,7.6
8/20/2023,32.5,92,15.6,7.6
8/21/2023,34.4,94,15.7,7.5
8/22/2023,22.2,95,16,7.5
8/23/2023,20.1,97,16.5,7.5
8/24/2023,19.2,98,17,7.5
8/25/2023,18.5,98,17.3,7.5
8/26/2023,17.9,98,16.5,7.5
8/27/2023,17.4,97,15.3,7.5
8/28/2023,17.1,97,16.2,7.5
8/29/2023,16.8,97,16.8,7.5
8/30/2023,16.4,97,16.3,7.6
8/31/2023,16.1,97,15.3,7.6
9/1/2023,16,96,14.5,7.6
9/2/2023,16.1,95,16.2,7.6
9/3/2023,16.4,95,15.1,7.6
9/4/2023,16.4,94,14.5,7.6
9/5/2023,15.9,95,14.9,7.6
9/6/2023,15.6,95,15.5,7.6
9/7/2023,15.2,96,,7.6
9/8/2023,15.1,95,15.2,7.7
9/9/2023,15.2,95,16.7,7.7
9/10/2023,15.3,96,16.9,7.7
9/11/2023,15.3,96,16.2,7.7
9/12/2023,15.1,96,15.5,7.7
9/13/2023,14.9,95,15,7.7
9/14/2023,14.9,94,15.3,7.7
9/15/2023,14.8,95,15.7,7.7
9/16/2023,14.6,95,15.8,7.7
9/17/2023,14.6,95,15.7,7.7
9/18/2023,14.9,94,15.2,7.7
9/19/2023,15,94,14.3,7.8
9/20/2023,15.1,94,14.5,7.8
9/21/2023,15.2,93,14.2,7.7
9/22/2023,15,93,12.6,7.7
9/23/2023,14.6,93,12.6,7.7
9/24/2023,14.5,93,12.3,7.7
9/25/2023,14.4,93,12.5,7.7
9/26/2023,14.6,93,12.6,7.8
9/27/2023,14.7,93,13.1,7.8
9/28/2023,14.8,94,13.3,7.8
9/29/2023,14.8,94,13,7.8
9/30/2023,17.4,91,11.8,7.8
10/1/2023,18.9,96,10.3,7.7
10/2/2023,17,94,10.7,7.7
10/3/2023,16.3,93,11.1,7.7
10/4/2023,15.8,92,12.4,7.7
10/5/2023,15.4,93,12.8,7.8
10/6/2023,15.1,94,13.3,7.8
10/7/2023,15,95,13.4,7.8
10/8/2023,14.9,95,13.5,7.8
10/9/2023,14.9,95,13.2,7.8
10/10/2023,15,95,12.1,7.8
10/11/2023,15.5,94,11.1,7.8
10/12/2023,15.4,93,9.5,7.9
10/13/2023,14.9,93,9.8,7.9
10/14/2023,14.6,93,9.9,7.9
10/15/2023,14.3,93,10.7,7.8
10/16/2023,14.1,93,11.7,7.9
10/17/2023,14,93,11.7,7.9
10/18/2023,13.7,93,11.8,7.9
10/19/2023,13.4,93,12.2,7.8
10/20/2023,13.4,93,12.7,7.8
10/21/2023,13.4,93,12.8,7.9
10/22/2023,13.6,92,12.1,7.9
10/23/2023,13.8,91,11.5,7.9
10/24/2023,13.6,92,10.5,7.9
10/25/2023,13.3,92,10.5,7.9
10/26/2023,13.3,91,10.4,7.9
10/27/2023,13.1,91,8.2,7.9
10/28/2023,13,90,7.1,7.9
10/29/2023,12.7,90,6.4,7.9
10/30/2023,12.4,90,6.4,7.9
10/31/2023,12.2,89,6.6,7.9
11/1/2023,12,89,6.9,7.9
11/2/2023,11.8,89,7.4,7.9
11/3/2023,11.7,89,7.5,7.9
11/4/2023,11.6,88,8.4,7.9
11/5/2023,11.5,89,8.5,7.9
11/6/2023,11.6,88,8.6,7.9
11/7/2023,14.5,83,9.2,7.8
11/8/2023,12.4,86,7,7.9
11/9/2023,11.8,86,5.8,7.9
11/10/2023,11.5,85,5.3,7.9
11/11/2023,11.3,83,5.8,7.8
11/12/2023,11.1,83,6.3,7.8
11/13/2023,11,82,6.7,7.8
11/14/2023,11,82,6.3,7.9
11/15/2023,11.5,82,7.3,7.9
11/16/2023,12.2,80,9.1,7.8
11/17/2023,11.5,81,8.1,7.9
11/18/2023,14.2,81,8.3,7.9
11/19/2023,22.3,,7.9,7.7
11/20/2023,13,,6.4,7.8
11/21/2023,12,,6.4,7.9
11/22/2023,11.7,,6.5,7.9
11/23/2023,11.6,,6.5,7.9
11/24/2023,11.6,,5.6,7.9
11/25/2023,11.4,,4.4,7.9
11/26/2023,11.4,,3.7,7.9
11/27/2023,11.3,,3.4,7.9
11/28/2023,11.2,,3.4,7.9
11/29/2023,11.2,,3.6,7.9
11/30/2023,11.3,,4.1,7.9
12/1/2023,11.6,,5,7.9
12/2/2023,11.3,,4.5,7.9
12/3/2023,11.2,,4.1,8
12/4/2023,11.2,,5.3,7.9
12/5/2023,11,,5.9,7.9
12/6/2023,10.9,,6,7.9
12/7/2023,11,,6.4,7.9
12/8/2023,10.9,,4.7,7.9
12/9/2023,10.8,,3.6,7.9
12/10/2023,10.7,,4.4,7.9
12/11/2023,10.7,,5,7.9
12/12/2023,10.7,,4.3,7.9
12/13/2023,10.6,,4,7.9
12/14/2023,10.5,,3.9,7.9
12/15/2023,10.4,,4.2,7.9
12/16/2023,10.3,,4.1,7.9
12/17/2023,10.4,,5.1,7.9
12/18/2023,11,,7.2,7.9
12/19/2023,13.4,,8.5,7.9
12/20/2023,12.2,92,7.8,7.9
12/21/2023,13.8,88,7.8,7.9
12/22/2023,11.5,95,7.6,7.9
12/23/2023,11.2,96,5.9,7.8
12/24/2023,10.9,97,4.3,7.8
12/25/2023,10.8,97,4.5,7.8
12/26/2023,10.7,96,5.7,7.8
12/27/2023,10.5,95,5.7,7.8
12/28/2023,10.4,95,4.7,7.8
12/29/2023,10.4,95,5.7,7.8
12/30/2023,11.9,92,5.8,7.8
12/31/2023,11,92,4.8,7.8
1/1/2024,10.7,94,5,7.8
1/2/2024,10.5,95,4.6,7.8
1/3/2024,12.5,89,3.3,7.7
1/4/2024,11.7,92,3.2,7.7
1/5/2024,11.4,93,3.3,7.7
1/6/2024,11.1,94,2.9,7.7
1/7/2024,11.7,92,1.8,7.7
1/8/2024,10.9,97,1.4,7.7
1/9/2024,11.2,94,1.7,7.7
1/10/2024,11.5,93,2.6,7.7
1/11/2024,12.4,93,1.5,7.7
1/12/2024,11.6,94,1.4,7.7
1/13/2024,12.7,89,1.7,7.6
1/14/2024,13.2,87,3.3,7.6
1/15/2024,12.9,89,4,7.6
1/16/2024,13.3,88,4.7,7.6
1/17/2024,17.3,83,6,7.5
1/18/2024,15.2,86,5.3,7.5
1/19/2024,15.6,90,6.3,7.5
1/20/2024,16.2,89,6.9,7.5
1/21/2024,15.9,90,7,7.5
1/22/2024,22.4,86,6.8,7.4
1/23/2024,21,87,7.3,7.4
1/24/2024,17.2,90.5,7.3,7.5
1/25/2024,19.1,86,8.2,7.4
1/26/2024,16.3,89,7.1,7.4
1/27/2024,15.5,92,7.8,7.4
1/28/2024,15.8,88,8.8,7.4
1/29/2024,15.7,86,9,7.4
1/30/2024,15.1,87,8.6,7.4
1/31/2024,14.6,88,,7.5
2/1/2024,27.5,76,,7.5
2/2/2024,24.5,83,,7.5
2/3/2024,20.4,90,,7.5
2/4/2024,25.6,85,,7.5
2/5/2024,35,81,,7.4
2/6/2024,28.5,86,,7.4
2/7/2024,26.3,88.5,,
2/8/2024,24.4,90,,7.4
2/9/2024,21.7,94,,7.4
2/10/2024,21.2,94,,7.5
2/11/2024,21,94,,7.5
2/12/2024,22.1,92,,7.5
2/13/2024,22.7,92,,7.5
2/14/2024,22.4,92,,7.5
2/15/2024,24.9,90,,7.5
2/16/2024,23.6,92,,7.5
2/17/2024,24.3,90,,7.5
2/18/2024,27.4,85,,7.4
2/19/2024,78.5,63,,7.3
2/20/2024,70.2,69,,7.3
2/21/2024,56.2,74,,7.4
2/22/2024,44.4,80,,7.4
2/23/2024,39,82,,7.4
2/24/2024,35.7,83,,7.4
2/25/2024,34.1,81,,7.4
2/26/2024,33.3,79,,7.4
2/27/2024,32.2,78,,7.5
2/28/2024,30.8,79,,7.4
2/29/2024,30.2,79,,7.4
3/1/2024,33.1,75,,7.4
3/2/2024,63.1,70,,7.4
3/3/2024,48.4,81,,7.4
3/4/2024,41,87,,7.5
3/5/2024,42.1,84,,7.5
3/6/2024,41.5,83,,7.4
3/7/2024,39.9,85,,7.5
3/8/2024,40.4,82,,7.5
3/9/2024,41.5,80,,7.5
3/10/2024,41.7,80,,7.5
3/11/2024,40.8,80,,7.5
3/12/2024,39.2,80,,7.5
3/13/2024,39.5,79,,7.5
3/14/2024,39.2,81,6.55,7.5
3/15/2024,38.6,84,5.5,7.4
3/16/2024,37.4,84,5.7,7.5
3/17/2024,37.5,82,7,7.4
3/18/2024,38.4,80,7.5,7.4
3/19/2024,39.7,78,8.1,7.4
3/20/2024,41.7,76,8.9,7.4
3/21/2024,42,77,8.1,7.4
3/22/2024,41.7,76,8.1,7.4
3/23/2024,58,71,6.1,7.4
3/24/2024,51.4,75,3.9,7.4
3/25/2024,46.6,76,4.9,7.4
3/26/2024,44.8,77,5.8,7.4
3/27/2024,44.1,76,6.6,7.5
3/28/2024,46.3,75,6.8,7.5
3/29/2024,43.9,78,5.4,7.5
3/30/2024,48.1,77,5.4,7.6
3/31/2024,47.4,79,4.7,7.5
4/1/2024,45.6,81,5.6,7.5
4/2/2024,44.6,80,7.2,7.5
4/3/2024,45,78,8.3,7.5
4/4/2024,46.3,76,,
4/5/2024,46.7,75,2.4,7.6
4/6/2024,46,75,3.5,7.6
4/7/2024,44.4,74,4,7.6
4/8/2024,44.9,75,5.6,7.5
4/9/2024,45.5,77,6.9,7.6
4/10/2024,46.7,73,8.6,7.6
4/11/2024,49.6,71,9.5,7.6
4/12/2024,52.9,68,9.5,7.5
4/13/2024,55,68,6.7,7.5
4/14/2024,57.4,68,4,7.5
4/15/2024,55.2,69,5.5,7.5
4/16/2024,55.8,69,8,7.5
4/17/2024,57.3,67,9.4,7.5
4/18/2024,59.9,66,9.4,7.6
4/19/2024,62.4,63,9.9,7.5
4/20/2024,65,60,10.7,7.5
4/21/2024,70.1,57,11,7.5
4/22/2024,74.9,54,10.9,7.4
4/23/2024,76.3,56,9.7,7.3
4/24/2024,73.8,55,8.5,7.4
4/25/2024,69.6,55,7.8,7.4
4/26/2024,70.9,55,6.9,7.4
4/27/2024,65.1,55,7,7.4
4/28/2024,61.6,57,8.5,7.4
4/29/2024,59.5,58,8.6,7.4
4/30/2024,59.5,56,9.5,7.4
5/1/2024,60.7,57,9.5,7.4
5/2/2024,61.7,56,9.4,7.4
5/3/2024,62.8,55,10,7.4
5/4/2024,65.5,,9.1,7.4
5/5/2024,65.2,,5.3,7.4
5/6/2024,60.5,,,
5/7/2024,57.7,,,
5/8/2024,55.6,,,
5/9/2024,54.1,59,,
5/10/2024,53.8,60,9.4,
5/11/2024,54.3,59,10.2,7.6
5/12/2024,55.8,58,11.4,7.5
5/13/2024,57.8,57,11.9,7.5
5/14/2024,58.3,56,11.7,7.5
5/15/2024,57.8,56,12.1,7.5
5/16/2024,57.3,56,12.9,
5/17/2024,57.1,55,13.1,
5/18/2024,56.1,55,13.1,7.5
5/19/2024,54.1,56,12.9,7.5
5/20/2024,52.1,58,11.4,7.5
5/21/2024,49.4,58,10.8,7.5
5/22/2024,47.2,59,10.9,7.4
5/23/2024,45.5,60,11.2,7.4
5/24/2024,43.9,62,10.8,7.4
5/25/2024,42.4,63,10.5,7.4
5/26/2024,40.9,64,11.6,7.4
5/27/2024,39.5,64,12.6,7.4
5/28/2024,38.2,66,13,7.4
5/29/2024,37.1,67,12.7,7.4
5/30/2024,36.2,67,13.4,7.4
5/31/2024,35.1,68,13.6,7.4
6/1/2024,34.1,68,13.5,7.4
6/2/2024,33.5,68,13.3,7.4
6/3/2024,33.2,68,13.5,7.4
6/4/2024,32.2,69,15,7.4
6/5/2024,30.7,70,16.1,7.3
6/6/2024,29.9,71,17,7.3
6/7/2024,29.1,72,17,7.4
6/8/2024,28.4,71,15.8,7.4
6/9/2024,28,72,15.1,7.4
6/10/2024,27.3,72,15.1,7.4
6/11/2024,26.6,73,16.1,7.4
6/12/2024,25.8,73,16.8,7.4
6/13/2024,25.4,73,16.6,7.4
6/14/2024,25,73,16,7.4
6/15/2024,24.3,74,15,7.5
6/16/2024,24,74,13.9,7.5
6/17/2024,23.8,74,13.3,7.5
6/18/2024,23.4,75,13,7.6
6/19/2024,22.8,75,12.6,7.5
6/20/2024,22.4,75,13.3,7.5
6/21/2024,22.1,75,14.5,7.5
6/22/2024,21.3,76,15.7,7.5
6/23/2024,20.8,77,16.5,7.6
6/24/2024,20.5,77,16.9,7.6
6/25/2024,20.2,77,17.8,7.5
6/26/2024,19.9,77,17.2,7.6
6/27/2024,19.6,78,16.2,7.6
6/28/2024,19.4,79,15.8,7.6
6/29/2024,19,79,15.8,7.6
6/30/2024,18.7,79,16.1,7.5
7/1/2024,18.5,79,16.3,7.5
7/2/2024,18.3,77,17.6,7.5
7/3/2024,17.7,77,18.1,7.5
7/4/2024,17.2,,18.3,7.5
7/5/2024,17,,18.8,7.5
7/6/2024,16.4,,18.5,7.5
7/7/2024,16.1,,19.1,7.5
7/8/2024,15.8,,19.2,7.6
7/9/2024,15.5,,18.9,7.6
7/10/2024,15.1,,18.7,7.6
7/11/2024,14.8,,18.6,7.6
7/12/2024,14.7,,18.9,7.6
7/13/2024,14.5,,18.6,7.6
7/14/2024,14.3,,18.8,7.6
7/15/2024,14.3,,19.2,7.6
7/16/2024,14.1,,18.8,7.6
7/17/2024,13.9,,18.4,7.6
7/18/2024,13.8,,18.6,7.6
7/19/2024,13.5,,18.1,7.6
7/20/2024,13.2,,18.5,7.6
7/21/2024,13,,18.8,7.6
7/22/2024,12.7,,19.4,7.6
7/23/2024,12.6,,19.5,7.6
7/24/2024,12.4,,20.3,7.5
7/25/2024,12.1,,20,7.5
7/26/2024,12,,19.2,7.5
7/27/2024,11.9,,16.8,7.5
7/28/2024,11.8,,15.9,7.5
7/29/2024,11.7,,16.2,7.5
7/30/2024,11.7,,16.7,7.5
7/31/2024,11.5,,16.9,7.5
8/1/2024,11.2,,17.2,7.5
8/2/2024,11.5,,18,7.5
8/3/2024,11.3,,18.6,7.5
